脏乱差，脏乱差，脏乱差！！有蚊子，有老鼠，住地下室，公共卫生间简直脏的要命！被套也不换，网上预订不能退就是*一个坑！,卫生,negative,被套,negative,,,,,,,,,,
这是我见过最差劲的青年旅舍，房间又脏又乱，老板太度很糟糕。,老板,negative,房间,negative,,,,,,,,,,
公寓位置不好找，不过老板娘服务好热情，公用卫生间，需要自己带洗漱用品,位置,negative,服务,positive,卫生,negative,,,,,,,,
位置确实很方便 就在地铁口 但具体位置却是地下室 隔音非常差 隔壁房间的人讲话听得清清楚楚 晚上睡觉能醒个十来八回的,位置,positive,隔音,negative,,,,,,,,,,
基本可以，但不适合住酒店的人,环境,neutral,,,,,,,,,,,,
乱收费、乱要钱、乱索押金，乱找茬子、乱提要求，环境脏乱差、服务坑蒙拐骗、哄吓诈骗。,环境,negative,服务,negative,价格,negative,,,,,,,,
这家店新开业不没多久小是一家村里的农家院，就是一对小夫妻开的，他两挺客气谁和的，我在他家住了一夜挺好的我住的三个男生一屋，当晚就我自己，真舒服住的，57一位男在没这么便宜的了，现在有来北京或从北京市里来八达岭长玩的快下单吧，三个人住一屋多好呀。,服务,positive,位置,positive,,,,,,,,,,
特别心累，建议皮肤有些敏感的朋友不要住在这，我在那个床上睡了一晚第二天就开始起疹子，不是夸张，我住别的旅社都没出现过这样的问题，很糟心,卫生,negative,,,,,,,,,,,,
这是我见过的，最差的，没有之一的青旅！艺龙上看着环境不错下的单，到了附近被告知改了地址，有人下来接我上去，进了房间感觉像进入了一个传销窝点，一点不夸张，乱七八糟形容已经不够用，随便给我找个枕套被罩让我自己套上，我看到那种环境，真的懒得住了，坐在厅里充了一会电，决定走了，换了一家青旅，评论里说的那么好，真的呵呵了！,环境,negative,,,,,,,,,,,,
环境真的不敢恭维，老板人不错，可能因为是男生，所以不注重卫生，房间里一股味道,环境,negative,卫生,negative,老板,negative,,,,,,,,
房间挺干净的，接待的是位小姐姐，人很好，,房间,positive,小姐姐,positive,,,,,,,,
干净卫生，安静，室友之间互不打扰，老板人挺好，推荐。,卫生,positive,老板,positive,,,,,,,,
美女老板人很好，环境也很温馨。,环境,positive,老板,positive,,,,,,,,
干净卫生 态度特别好 青年住宿不错的选择,态度,positive,卫生,positive,,,,,,,,
个人感觉还不错，店主比较热情，房间收拾的蛮整洁，有wifi上网，卫生间内有洗衣机可以洗衣服，以及淋浴⋯⋯,房间,positive,店主,positive,,,,,,,,
这家旅社换了个位置，不过离地铁站还是不远，就是一个住宅改的，如果是要住在通州北苑附近的话还是推荐的，毕竟比较方便,位置,positive,,,,,,,,,,
住的挺舒心的，环境很好，配套设施也齐全，下单后第一时间联系老板，,环境,positive,设施,positive,老板,positive,,,,,,
环境很好，老板非常热情。,环境,positive,老板,positive,,,,,,,,
忘记拍照了。住了一晚，床位68元，干净卫生，自助服务。离地铁站近，性价比不错。,服务,positive,卫生,positive,性价比,positive,,,,,,
整体感觉还是挺好的，有点大学宿舍的感觉，就是位置不太好找，一定要提前跟旅舍联系一下，不然找不到的。,位置,negative,,,,,,,,,,
老板姐姐人特好，发来详细路线教我怎么走，一会就到了，还给我安排一全女生的三人间带独卫，经济实惠，干净卫生，真心赞！,卫生,positive,老板,positive,,,,,,,,
环境赞，服务很贴心。,环境,positive,服务,positive,,,,,,,,
订的单人间，结果半夜被老板拍醒，说有人下错订单得和我住一起，又强塞了一个人到屋里，折腾了半天基本没休息好，心好累，住了好多旅店第一次遇到这种情况。。。,老板,negative,,,,,,,,,,
地理位置不错，普通设施。卫生状况基本可以。,位置,positive,设施,positive,卫生,positive,,,,,,
老板娘很热情，也不乱，这个价位已经算挺好了,老板,positive,价位,positive,,,,,,,,
一下地铁走五分钟就到了。小区内有水果店和商店很方便。环境很好，室内有空调，很干净，老板人也超级好。最后一天即使不在这里住还让我在这里放行李和洗澡。,环境,positive,老板,positive,,,,,,,,
这种青旅公寓形式的特别适合我们这些，来京找工作，求职，学习居住的地方，卫生干净，老板热情待人，我个人觉得可以，值得推荐！,卫生,positive,老板,positive,,,,,,,,
老板娘人不错，出行方便地铁离得近，适合独身来玩的过渡,老板,positive,,,,,,,,,,
还行，虽然说是十人，实际十几人，但是卫生比较好，每天都有阿姨来清洁。,卫生,positive,,,,,,,,,,
如果非要让我评论，一个字，差，两个字很差，三个字非常差，四个字很差很差，五个字非常非常差，六个字，其实还好青旅老板很热心环境也说得过去，哈哈,环境,negative,老板,negative,,,,,,,,,,
就一间房不是青年旅社。房间里一股难闻的气味直冲鼻子 开着窗也散不了,环境,negative,,,,,,,,,,,,
都是长租的多，空调坏了，热。环境差。,环境,negative,,,,,,,,,,,,
第一次住青旅，住的十人间，结果和想象中的不一样，不仅没有前台，而且是住在小区的某栋楼里的某间屋，进门一看，乖乖，不止有十个人啊，这间屋里还有三间房，而且很乱，厕所脏，花洒还没喷头__就一根管子立在哪，可怕！我劝有洁癖的人慎重考虑。,卫生,negative,,,,,,,,,,,,
首先房价是很便宜，来找工作可以来暂住，如果来旅游介意不要住这地方，你一想超过三十人公用一个洗手间就知道是怎么回事，而且半夜很吵，有洗澡的，有煮饭搞夜宵的，乱七八糟.,价格,positive,环境,negative,,,,,,,,,,
地理位置非常优越。。交通也非常便利。。公交地铁就在不远处。在小区里，还是很方便的。老板还是很热情的。,位置,positive,交通,positive,老板,positive,,,,,,,,
常住客非常多，卫生条件很差。住的人非常多，旅游的话不建议住。如果是打算在北京找工作的话可以考虑一下。,卫生,negative,,,,,,,,,,,,
都是常住的北漂，住宿条件特别差，特别脏。,环境,negative,卫生,negative,,,,,,,,,,
是个群租房 根本不是青年旅社 但是价格便宜 位置好 交通便利,位置,positive,交通,positive,价格,positive,环境,negative,,,,,,
一般吧 10 个人一个屋 遇到几个打呼噜的就不用睡了,环境,negative,,,,,,,,,,,,
卫生太差了，而且还不准备给我换床单被套,卫生,negative,,,,,,,,,,,,
自己看图吧！给我找了个别人上班住的地方！睡地上！被子还有味道！唉！,卫生,negative,,,,,,,,,,,,
居然拍私人身份证照片，很不满,服务,negative,,,,,,,,,,,,
脏乱差，明明都下完单啦！到地方还要求加钱。,环境,negative,价格,negative,,,,,,,,,,
实在不敢恭维，被子有汗臭味，厕所非常脏，不是什么公寓，实际是跟16个女生拼住一晚上，空调晚上才打开。早上马上关！没有好印象。,环境,negative,卫生,negative,,,,,,,,,,
第一次来北京看到的青旅最差的一个，反正你能想到有多差就有多差，我对环境不是很看重的都觉得差，如果大家觉得地域方便合适还是可以考虑一下的，毕竟帝都那么便宜的房子确实少见，能将就就将就一下呗，反正出来玩就要找罪受........,环境,negative,,,,,,,,,,,,
爱干净的就别去了，都是北漂蜗居的,卫生,negative,,,,,,,,,,,,
实在是太差了。不是青旅而是一个求职公寓式的上下铺，脏乱差具齐了。里面全是北京工作的常住客。价格在这里摆着，小几十块钱就是这种。地址在一个莫名其妙盗窃事故高发的小区。去哪儿上面没有详细地址，到了附近必须给老板打电话。床单被套全部都是脏的，一晚上没睡好，不敢脱衣服盖被子。一进门时真是惊呆了，辣眼睛啊，朋友们。连老板们在哪里都不知道，住着都担心人身安全。,价格,positive,老板,negative,环境,negative,,,,,,,,
没有早操，不能加床，不适合带孩子，位置还行，就是服务态度很不好，连双拖鞋都不给找，气人,态度,negative,位置,positive,服务,negative,,,,,,,,
该酒店晚上这么热居然不开空调，热的要死，没见过这么干的。,环境,negative,,,,,,,,,,,,
体验不好，不是青旅，不是网上写的地方，是旁边另外的地方,位置,negative,,,,,,,,,,,,
老板人不错,老板,positive,,,,,,,,,,,,
气味刺鼻，床太硬，枕头太不舒服。睡不着觉。房间东西很乱。就是交通方便一些。,交通,positive,环境,negative,卫生,negative,,,,,,,,
老板，做生意要讲诚信。我住的地铺是按照8人间算的。但是我住的第2天收的钱比有床的6人间和4人间还贵，你要说我在大厅的地铺比其它房间待遇好，该多收钱我也无话可说，你们当时收钱时我就在旁边全听到了。是因为我只住一两天，认为我不会很清楚价钱，还是感觉我好骗呢。,老板,negative,价格,negative,,,,,,,,,,
环境不好，卫生一般，价格便宜,环境,negative,价格,positive,卫生,negative,,,,,,,,
很差劲，老板也很抠门,老板,negative,,,,,,,,,,,,
住了一群光膀子的人，半夜还开大声玩手机！,环境,negative,,,,,,,,,,,,
位置非常难找，住宿人员素质参差不齐，各种各样的人都有，条件脏乱差，人太多，不到50平米的一套小公寓，住了8+4+6个人，你可以想像吧？不知道好评都怎么来的！,位置,negative,环境,negative,,,,,,,,,,
我跟朋友国庆期间赶到后，是在小区居民房里，一间房子连通着，大概十几张床，稍微有个分隔，一个洗手间，里面一个花洒，一个马桶，一个洗手池。住的人比较多，好像大多是长住的，东西比较杂乱，衣服鞋子到处都是，但安全还可以保证，要留身份信息，后来阿姨都会删掉。当时国庆宾馆贵也不好找，想在这中转，还好只住一晚，49元很很很不值，不建议出游的人来住。,环境,negative,,,,,,,,,,,,
房间非常脏乱差，味道也很重，设施基本没有，很难住下去,设施,negative,环境,negative,卫生,negative,,,,,,,,
条件太差了,环境,negative,,,,,,,,,,,,
环境脏乱差，安全无法保证，一个房间住人太多了,环境,negative,安全,negative,,,,,,,,,,
大家千万别住这家旅舍。一个小时房东都给钥匙，也不说地址。直接挂电话。以后不会再来了,房东,negative,,,,,,,,,,,,
简直就是猪窝，人均面积约4平米，大家别省这个钱,环境,negative,,,,,,,,,,,,
民房改造的吧，凑合睡几个小时,环境,negative,,,,,,,,,,,,
有点恐怖的样子,环境,negative,,,,,,,,,,,,
上面写着四人间，我付了钱打电话问，又只能去一个人住，退钱也退不了，套路太深，又丢了一百多元钱。,价格,negative,,,,,,,,,,,,
地理位置优越，坐地铁很方便，环境一般，不过在大北京这样已经很不错了 ，适合个人旅游,环境,neutral,位置,positive,,,,,,,,
交通很好 枕头很舒服 但是总体环境只能说是一般般,环境,neutral,交通,positive,枕头,positive,,,,,,
不错哦，老板人很有趣,老板,positive,,,,,,,,,,
除了价格划算之外，交通方便，其他不咋地。这间房子只有一个卫生间，男女共用，十几个人一起用，感觉这个厕所有点吃不消，装厕纸的桶都满出来了，所以在厕所里，味道还是比较大的。总的来说 在北京，这是家价格低廉，交通方便的暂住式公寓。,交通,positive,价格,positive,卫生间,negative,,,,,,
和室友奔着国图来的，位置可方便，性价比啥的比较适合学生，然后老板挺可爱，所以整体还挺好。,位置,positive,性价比,positive,老板,positive,,,,,,
老板很好很亲切，到小区门口接的我，还帮忙提了行李。环境还不错，挺干净的，有厨房，厨房里还有大冰箱。,环境,positive,老板,positive,,,,,,,,
这里的交通很方便离地铁站很近，小伙伴也都很友好很好相处，环境也很好干净卫生，周围的生活氛围也不错，隔壁就是图书馆，总之各个方面都挺好的，来到北京住在这你绝对不会后悔的。,环境,positive,交通,positive,氛围,positive,,,,,,
环境不错 干净卫生 而且隔音很好哦,环境,positive,隔音,positive,,,,,,,,
特别棒的一次入住，已经续住俩次，你就说6不6，环境干净，老板人好，住的也好。,环境,positive,老板,positive,,,,,,,,
气氛嗨，气氛嗨，住青旅也是一种很有趣的体验。房间每天都有阿姨收拾。很干净啊。交通也很方便。我们玩的超级嗨皮。开心啊,交通,positive,气氛,positive,房间,positive,,,,,,
还可以，优惠，便宜，实在！,价格,positive,,,,,,,,,,,,
呵呵，这里写的地址有误，在这个地址对面,位置,negative,,,,,,,,,,,,
服务态度很差，位置很偏,态度,negative,位置,positive,服务,negative,,,,,,,,
有一个打呼噜的实在是太烦了,环境,negative,,,,,,,,,,,,
住宿的条件一般凑合着吧,环境,negative,,,,,,,,,,,,
卖家到店以后就地涨价，,价格,negative,,,,,,,,,,,,
设施都不行， 住客多， 公共空间少， 床容易摇晃，一个人动，下铺，旁边的都跟着动，摇晃幅度很大， 前台废话多， 如果不差那点钱，就不要去了。,设施,negative,环境,negative,,,,,,,,,,
先说说有点，从北京南站坐地铁4号线过来还是很方便的。此次来京专门是来北京音乐厅听音乐会的，酒店马路对面就有14路可以到，在六部口下车往回走几步就能到音乐厅了。无论是酒店整体还是房间都很破旧，斑驳的墙壁，卫生间很小有异味，房间也很小，也有股味道，床单、被套也不是很干净。整体住宿体验不舒服，以后还是住有点知名度的经济型连锁酒店比较好。,卫生,negative,位置,positive,设施,negative,,,,,,,,
没早餐，打扫卫生不给洗发水，天天要去要，洗脸毛巾也没有，房间超级小，还有蟑螂爬，住过的最差酒店了！！,卫生,negative,,,,,,,,,,,,
浴室分开的，房间卫生嘛hhhh十个人是真的挤 公共区域也小，bar可以看世界杯 洗衣服要25块，还没地方给你晾 厕所湿哒哒的 主要都是做外国人生意 竟然还没有饮用水，只能在bar那里烧水 还算是市区，去北海公园天安门都不太远 但是周围很空荡，想买点东西都很难,卫生,negative,环境,negative,,,,,,,,,,
比较失望，床和房间都比较小，订了大床房进门以为是单人间。亏得几乎没有行李，否则会摆不下。床单枕套也没有及时更换，可以看到明显的污迹。最恶心的是马桶圈上有明显未干的尿液。设备设施感觉就是以前的老旧旅社即略微装饰一下。墙壁上各种污渍。便是青年旅店，价格实惠，也要做出做旅店的起码行业素质吧。总之不是想象的样子。,价格,positive,设施,negative,卫生,negative,,,,,,,,
前台服务非常差，大家千万不要去，住宿就像回家一样，累了一天，还影响心情,服务,negative,,,,,,,,,,,,
前台服务人员到底什么人，不是应该耐心跟别人说明吗，搞得好像不耐烦，入住房间多问你几个问题，你还要骂我是么？北京旅店都这样对自己国家的人的话，请问对待外国人，你岂不是还要揍人家啊，我真的是服服服。我出国旅游青旅都没这么差过，而且价格比这便宜多多了，人家都没对我甩脸子啥的,服务,negative,价格,negative,态度,negative,,,,,,,,
前台挺瘦的男的废话太多，及其不礼貌，一副不住赶紧滚的意思,态度,negative,,,,,,,,,,,,
服务一般，环境更一般，地上随处可见头发，我们住了两晚，中途浴巾都没有人给换，没有梳子，更没有饮用水,环境,negative,服务,negative,,,,,,,,,,
看到4.4的好评才定的。一进房间就被卫生间的臭味熏的恶心。房间很小烧热水的地方都没有只能放在床上离插座近的地方烧水。房间隔音更差。隔壁和楼下说话都能听到。前台服务员说话很冲。服务行业要说话温柔礼貌点的。这态度没有下次。这是我在携程定的所有酒店里同等档次里最差的一个。也不知道好评是咋来的！也是我唯一写这么多差评的酒店。,态度,negative,服务,negative,卫生,negative,隔音,negative,,,,,,
就是半个地下室，潮湿阴暗，没窗户，要续住的话告诉你你的房订给别人了，谁让你不提前告诉前台，要退房的话要多扣你一天房费，说多给你预留一天住不住是你的事， 前提是入住前，他们从来不告诉你这些，真实个坑啊，，人傻钱多的可以跳。。,环境,negtaive,价格,negative,,,,,,,,,,
一、酒店周围没有停车位。二、房间不隔音，特别吵。三、房间里特别潮湿，空调开抽湿一夜还是很潮湿。四、最最重要的是，服务态度极其差！前台有个女的对顾客特别横，还以为她更年期到了。,态度,negative,服务,negative,隔音,negative,位置,negative,,,,,,
青年旅馆，胜在便宜，市中心，适合个人旅行,价格,positive,,,,,,,,,,,,
凌晨抵达酒店，服务员态度极差！ 床单枕头套颜色污浊、 毛巾有异味、房间有蚊子、 旁边正在施工，很吵，完全睡不着、 窗口看出去正是马路，没有私密性。,态度,negative,服务,negative,卫生,negative,环境,negative,,,,,,
差评，不换床单，不提前通知退房不退房，服务态度极差,态度,negative,服务,negative,卫生,negative,,,,,,,,
房间特别潮湿空调上的管基本有水要滴下来，墙头都湿了一半，有异味特别重。前台特别拽。感觉特别亏。。。。。。。,卫生,negative,,,,,,,,,,,,
店主服务热情，隔壁还有个小酒吧，上上网，聊聊天，喝点小酒，都很方便，就是房间内的空调声音太大了，晚上有点吵,服务,negative,环境,negative,,,,,,,,,,
还可以吧，房间设施陈旧，卫生很一般，住的老外比较多，别的倒都可以，就是有些吵闹，住的不是很舒服，要求不高的话图便宜就住吧,设施,negative,卫生,negative,价格,positive,,,,,,,,
新装修的房间异味非常严重，很难闻,卫生,negative,,,,,,,,,,,,
便宜，太吵！若一个人要去北京又不是特别怕吵是可以来住，要靠最里面的好点，优惠价的房间都靠服务台。,服务,negative,环境,negative,,,,,,,,,,
卫生不打扫，服务员态度极其恶劣，对外国人就非常热情,态度,negative,服务,negative,卫生,negative,,,,,,,,
公共区域太小 卫生状况一般,卫生,negative,,,,,,,,,,,,
前台那个女的服务极差，牛逼哄哄的，还变相乱收费，看客户有事急着退房，就变相多扣你钱，住宿条件也不好，屋子里全是管子，没有窗户，通风不好，有异味。,服务,negative,环境,negative,价格,negative,,,,,,,,
连订了三天，房间小，两张床是横竖放的，蚊虫多，没洗漱用品，服务差。最可气的是住了三天就给打扫了一次房间，还说枕套弄脏了，要出清洗费20，先不说到底是谁弄脏的（整理的时候人不在，门口脏的东西乱扔），就一点点地方张口就要20，这个破枕套都不值这点钱，太黑了。这种地方也就骗骗外国学生，任何快捷酒店都比它强得多，整个一黑店,服务,negative,价格,negative,卫生,negative,,,,,,,,
电视还用模拟信号的，有雪花，不多见,设施,negative,,,,,,,,,,,,
屋内还能活人吗，十人屋空气不流通！,环境,negative,,,,,,,,,,,,
服务不好，乱收费,服务,negative,价格,negative,,,,,,,,,,
不想说什么了！特别坑！有的人可以交十人间的钱住四人间的房！而有的人交大床房的钱却住四人间的房！太过分了！,价格,negative,,,,,,,,,,,,
服务极差，态度恶劣，变相乱收费。住宿条件很差，床铺很潮湿，床单很脏也不换，屋子里全是管道，,态度,negative,服务,negative,,,,,,,,,,
垃圾无比，前台服务态度极差。到处是坑，房价便宜套路深,态度,negative,服务,negative,,,,,,,,,,
谁住谁后悔，服务很差，前台那个女的变相乱收费，贱人。,服务,negative,价格,negative,,,,,,,,,,
房间挺暖和，但是房间有些味道,环境,negative,,,,,,,,,,,,
服务不好，不建议入住。,服务,negative,,,,,,,,,,,,
位置好，但下水道味道太大，接受不了！,位置,positive,环境,negative,,,,,,,,,,
不是大床房，构造不合理，WiFi不能用，,环境,negative,,,,,,,,,,,,
连订了三天，房间小，两张床是横竖放的，蚊虫多，没洗漱用品，服务差。最可气的是住了三天就给打扫了一次房间，还说枕套弄脏了，要出清洗费20，先不说到底是谁弄脏的（整理的时候人不在，门口脏的东西乱扔），就一点点地方张口就要20，这个破枕套都不值这点钱，太黑了。这种地方也就骗骗外国学生，任何快捷酒店都比它强得多，整个一黑店,服务,negative,环境,negative,卫生,negative,,,,,,,,
连订了三天，房间小，两张床是横竖放的，蚊虫多，没洗漱用品，服务差。最可气的是住了三天就给打扫了一次房间，还说枕套弄脏了，要出清洗费20，先不说到底是谁弄脏的（整理的时候人不在，门口脏的东西乱扔），就一点点地方张口就要20，这个破枕套都不值这点钱，太黑了。这种地方也就骗骗外国学生，任何快捷酒店都比它强得多，整个一黑店,服务,negative,环境,negative,卫生,negative,,,,,,,,
环境一般服务很烂很不友好价格有点高,环境,negative,服务,negative,价格,positive,,,,,,,,
不想说什么了！特别坑！有的人可以交十人间的钱住四人间的房！而有的人交大床房的钱却住四人间的房！太过分了！,价格,negative,,,,,,,,,,,,
服务态度差，很不满意，我只是没有及时还吹风机，服务员就很差的态度的说我！我是消费者，你们店只有两个吹风机，这么多人住，你们供应不足，还怪我咯？！ 房间小，洗澡间少，不够用！,态度,negative,服务,negative,环境,negative,,,,,,,,
真不行，住过的青旅中最差，前台的男的一脸说不出的讨厌感,服务,negative,,,,,,,,,,,,
我住的是十人间，空气不好，半夜就觉得缺氧了，早上5点就起床退房了，还有就是卫生间太远了很不方便,卫生,negative,,,,,,,,,,,,
服务不满意，不会有下次。,服务,negative,,,,,,,,,,,,
幸亏没开，一问才知道屋子太小，开空调声音太大。再说屋子，两个双人上下床，距离半米，门口一个柜子，这么小屋子居然没有窗户，睡四个人一晚上差点闷死，明显感觉氧气不够用，如果有一个臭脚屋子就没法待了。隔音就别说了，墙那边打呼噜听的清清楚楚。别的屋子不知道，但是就这四人间，这服务，真的太差劲了。,服务,negative,隔音,negative,环境,negative,,,,,,,,
6月2日凌晨，本人因嗓子疼，需要热水，值班服务员不提供热水，而且态度不好。,态度,negative,服务,negative,,,,,,,,,,
住过环境第一差的地方，一般不轻易换地方住的人第二天慌忙逃走,环境,negative,,,,,,,,,,,,
地理位置还可以 里面感觉住了很多外国人 设施有的久 不在乎的可以 这个地段价格便宜,位置,positive,价格,positive,设施,negative,,,,,,,,
设施有点旧，单人的房间很挤。最主要没有桌子凳子，行李都没法铺开，有点鸡肋。旁边有公交车站，但离地铁有点距离,设施,negative,位置,negative,,,,,,,,,,
差评！住过很多地方，从未给过差评，这次真是跟前台交涉无果才来评价。订的四人间，被安排住进了十人间，前台解释说我住的虽然是十人间，但只有五六个人，所以没问题！也不退钱！四人等于五六人吗！那应该按照六人间算钱吧！本来订四人间就是为了人少活动少，能休息好点，第二天还有重要的事要办，结果住成这样。,服务,negative,,,,,,,,,,,,
地理位置不错 青旅文化不是很浓,位置,positive,环境,negative,,,,,,,,,,
空间很狭小，隔音也很差，一直可以听到外面的说话声，睡眠不好，另前台态度很差，没耐心,态度,negative,隔音,negative,环境,negative,,,,,,,,
首先，我们住的是四人间的上铺，睡在上面只要动一下，床就在晃，感觉就要散架了。 第二，这次来北京住了3家青旅，就他家的一个房间没有独立卫生间和沐浴的，一双拖鞋也没有，他们说青旅一般不会准备拖鞋，但是为什么我去的其他店都有呢？ 第三，隔音效果相当差，晚上11点，楼上的人一直走过去走过来，那个木板就一直“哒哒哒”的来回响，当时真的很无语。,卫生,negative,隔音,negative,,,,,,,,,,
整个床像是要碎了一样，质量特别特别差，服务员态度很一般,态度,negative,服务,negative,床,negative,,,,,,,,
本人并没有入住，到店是凌晨两点钟的样子，被前台告知“因为十九大，所以不接待床位入住”，不好意思？不接待为什么不提前通知，给大家时间去重新选择酒店或者调整房型，并且我是提前有联系告知店家到店时间会比较迟，凌晨告诉我不能入住，你们有为客人考虑过么？,服务,negative,,,,,,,,,,,,
前台服务员态度极差，人到了 房间也明明收拾完了 就不让入住，很过分。晚上没入住 按正常能退款 不仅不退还找各种理由 连去哪网客服都说酒店服务员太差了。大家要慎重选择。一般不评论，真的很不满意。慎选。服务员真差。,态度,negative,服务,negative,,,,,,,,,,
老外多，出行方便。。。,交通,positive,,,,,,,,,,,,
还行吧，服务不错，适合出行,交通,positive,,,,,,,,,,,,
上铺不稳，动一下嘎嘎响。。。。,环境,negative,,,,,,,,,,,,
出行方便，价格实惠。。。,价格,positive,,,,,,,,,,,,
位置很好，房间无法烧开水，喝点水较麻烦，各方面还算满意，以后还是可以再光顾的。,位置,positive,,,,,,,,,,,,
服务态度差的要死，前台的大胖男的*着个脸，跟谁签了他八百万似的,态度,negative,服务,negative,,,,,,,,,,
房间没有信号，无线网也时常连不上，洗澡也要排队，上厕所也是，奉劝各位一句，千万不要订这里，兼职上当,环境,negative,,,,,,,,,,,,
总的来说价格和环境匹配，不能给高分是因为出现了问题没有得到合理解决 走的太匆忙掉了充电宝和衣服在这里，既然可以找到充电宝为什么不能帮忙再看看衣服，东西倒不是很贵重的东西，希望你们能更通人情，如果你们希望避免拿错客人衣服的嫌疑，可以至少是去房间帮我确认一下，再这样拖下去估计又是无疾而终，如果当天能帮我查看说不定还能找回我丢失的衣服。,环境,negative,价格,positive,,,,,,,,,,
东西落在酒店，给前台打电话找到了，给保留了，但是回来取，说没有，服务态度不好，爱答不理的，在也不住了。垃圾！,态度,negative,服务,negative,,,,,,,,,,
个别员工服务态度差的要死！会飚几句所谓的哑巴英语，总以为自己不得了，一副高高在上，比市委书记都牛。那女的皮肤黑，鼻孔粗，皮肤差，长头发，个子163左右，不瘦，长的跟骆驼似得。有能耐去国企啊，去银行啊，做个破收银吊什么？没有客人去饿死你！有眼不识恩人，**当做亲人！好的口碑才是立足之本，有这样的员工真是酒店的祸害！,态度,negative,服务,negative,,,,,,,,,,
墙体是湿的 空间很小，还有管子，没地方放置行李。 需要侧身过 被子枕头都发黄了 只有一个小小小柜子 无人倒垃圾,环境,negative,,,,,,,,,,,,
确实没给过差评 但影响了我的心情 先下订单后给前台打电话询问关于订单的事 语气很差 很不耐烦 我还没讲完就挂电话 办理入住也面无表情 给人感觉就很丧,服务,negative,,,,,,,,,,,,
个子**的女前台 服务态度太差，简直怀疑她是兼职做前台，实际是最**的!,态度,negative,服务,negative,,,,,,,,,,
差评！！！前台服务员换了三次房，都是同一个错误，正对空调口，最后换到一个不靠空调的位置，结果充电电源全部没有电，一个晚上都是同一个主客打呼噜，噪音过大，晚上几乎没有休息好，早上4:55都出来了，失望！！前台竟然不寻求方法解决，服务态度差！！！！！！！,态度,negative,位置,positive,服务,negative,,,,,,,,
很干净，服务好下次还去,服务,positive,,,,,,,,,,,,
太贵了 这样的价格可以住4星酒店了 标间才10平米还不配任何洗漱用品 严重没有性价比 位置非常不好 附近除了单位就是居民区 根本感受不到北京 去哪儿都极为不方便 前台那个相对岁数大的男的总一脸德行 动不动就拉下脸训斥别人 人家是花钱住店 又不是免费的住的 搞不清自己的位置 没有半点服务意识 卫生很好 但洗澡热水根本不够这么多人,位置,negative,服务,negative,价格,negative,卫生,negative,性价比,negative,,,,
说不好的：一.我是一宿没睡着（相当痛苦啊），因为同房间一位女士打呼噜超级响亮，秒秒打呼。二.白天和黑夜的蚊虫很多，叮咬超级严重。三.房屋内，被子和床木的味道重（我入住的屋子有窗并开着，可能通风不好吧）。其他：价格.在青旅里不算便宜。服务.还可以，没有特别好和不好的感受。早餐.18单买，价格不算高，自然味道是不怎么好。,服务,neutral,价格,negative,环境,negative,,,,,,,,
很简单的说 我从来没给过差评 毕竟一分钱一分货，青旅也是小本经营。 但是不至于住的不开心。 晚上很晚到青旅，手机被冻关机了，没办法微信或支付宝给押金，还要求必须给现金，然后放下行李就去取钱了。 确实交押金是应该的，但是也应该酌情。 反正 店员都很不热情，因为行李很多，搬来搬去很麻烦就续住了,服务,negative,,,,,,,,,,,,
太差劲了不能取消，定的时候明明是写的可以取消的,服务,negative,,,,,,,,,,,,
服务态度好，就是卫生差了，噪音比较大，不太好找,态度,negative,服务,negative,卫生,negative,,,,,,,,
差评。什么都要收钱连浴巾洗发水都要而且 这个价格太不合理了。166比店里要贵100块钱。完全欺诈,价格,positive,,,,,,,,,,,,
服务不怎么样，床单也不给换,服务,negative,卫生,negative,,,,,,,,,,
服务真的一般，人杂吵闹，晚上睡不好觉。。。,服务,negative,,,,,,,,,,,,
二楼没有男卫生间，半夜要走到楼下，尴尬，比较拥挤，33价钱实惠，,卫生,negative,,,,,,,,,,,,
服务太差，，，，，，,服务,negative,,,,,,,,,,,,
不满意的：床位脏，叫前台换了床单还是脏；四人间狭小，难以转身，一个行李箱都很难摊开；床不结实，随时都在吱吱响；上铺床尾正正对着空调；通风不好基本不开窗；无Wi-Fi无信号__；晾衣服的地方特别狭窄；地理位置不太方便；周围很少吃饭或者超市的地方 满意：浴室厕所明亮宽敞；前台服务还行；很安静各干各的；走廊摄像头很多应该比较安全。,位置,negative,服务,negative,环境,negative,,,,,,,,
价格到不贵，四人间很便宜。有点不人性化的就是洗衣服太贵了，都快赶上一天房费了,价格,positive,,,,,,,,,,,,
价格到不贵，四人间很便宜。有点不人性化的就是洗衣服太贵了，都快赶上一天房费了,价格,positive,,,,,,,,,,,,
喝水必须要付费才能有，不管何种季节不提供任何热水。被子不干净。八十多一张的床位说好了只是女士入住，在付费后晚上九点多回来竟然有男的睡在已经付费的床位上，管理只负责收费其他全无的服务，摄像头如同虚设，安全毫无保障。自身没有规则意识，没有违规成本，经营日期老天都给你们计算着呢吧。,服务,negative,安全,negative,,,,,,,,,,
还不错 还算干净技能 价格合理,价格,positive,卫生,positive,,,,,,,,,,
肚子饿想要点开水泡泡面既然说没有，最后没办法跑去买泡面的老板那拿开水，还有我朋友戒指掉床底下第二天回来去找就没找到七千多戒指就这样没了因为最后两天就没换地方住,服务,negative,,,,,,,,,,,,
实在没有空房的酒店选择了这家，标间快捷的价格，小旅店的环境，最奇葩的是没有合适的插座烧水！只能放在床上的能够到插座！也许只有这间最奇葩的让我订了吧@$？！,环境,negative,价格,positive,环境,negative,,,,,,,,
不错的 价格实惠 很干净,价格,positive,卫生,positive,,,,,,,,,,
靠市中心，交通便利。无网络信号和wifi。,交通,positive,位置,positive,网络信号,negative,,,,,,,,
2分，服务意识强，房间卫生有死角,服务,positive,卫生,negative,,,,,,,,,,
卫生差，床上有头发，纸屑，不好烂,卫生,negative,,,,,,,,,,,,
来北京住的最坑的一家，除了工作人员服务态度没问题，其他都差到不想细说。简单举个例子，第一次遇见喝个热水都特费事，而且下班就没人烧的场景。入住前看了其他人的评价我还不信，结果自己当了次**有志者继续吧，多亏我只住一天。,态度,positive,服务,negative,,,,,,,,,,
头一次住店被讹，定了三个房间都说马桶坏了，这能是我们住了一晚上坐坏的？坏也不会3个一起坏吧！来旅游没有时间跟他们墨迹！陪了40，还有我网上预订了，电话也提前预订了，到店说没有那么多房间费劲半天才给我房间！我看这个商家动机不纯看是特价房！其他入住的朋友小心了！,服务,negative,,,,,,,,,,,,
图一旁边有个bar这个是电源插头，以前随时都可以过来看看书，聊聊天，充充电，谁知道这次来，电源插头被彻底堵死了，请问老板你是舍不得那点电嘛？一个充电的都不留，你太绝了！图二，据说是bar里面必须消费才可以坐到这里，不消费的会被吧台小哥立马请出去，然后之前卖的很畅销的虎牌啤酒,充电,negative,,,,,,,,,,,,
评分2，环境一般，被子床全是潮湿的，WiFi信号特别不好，基本没有，最让人无语的，身为一个旅馆竟然没有热水，必须掏钱去外边买。这里值得好评的，是这里的淋浴间厕所特别不错，很好，说实话旅馆的价格比较便宜，地理位置在二环，很靠近市中心，离后海，北海公园，烟袋斜街，南锣鼓巷，九门小吃都挺近的，就这吧,环境,negative,位置,positive,价格,positive,服务,negative,,,,,,
定了三天房，房间是在二楼，第二晚到前台刷房卡被前台告知第三天我要搬房间，原因是，有四个人是一块的订了四人间所以我要给他们腾位置我住了那么多青旅 客栈就没遇到过这样子安排房间的呵呵 换的那个房间晚上真是让人无法入眠啊隔音不好走廊上的走路声，前台的说话声，电话声，以及隔壁房间的音乐声声声入耳而且那床摇摇晃晃的很厉害呵呵,位置,positive,隔音,negative,床,negative,,,,,,,,
环境差，服务不贴心。,环境,negative,服务,negative,,,,,,,,,,
服务态度不好，环境一般,态度,negative,环境,negative,服务,negative,,,,,,,,
一分是给前台某小哥的，一直笑容满满，不管什么时候 一分是给公共区域的，干净热水够大洗澡够舒服 扣掉的三分其一是网络超级烂房间完全没有包括手机本身的信号，必须走到大门口才可以 其二是中国人如果只订一天不给续住，但外国人可以哦，亲眼看见亲耳听见，就冲这点分分钟想走人～如果真的旺季不能续房为啥不是一视同仁？ 其三没有热水,态度,positive,信号,negative,公共区域,positive,,,,,,,,
太小，太吵，环境还可以,环境,negative,,,,,,,,,,,,
差评！服务态度差！没有发票还要拖到七月初说寄过来，到了七月初又说没发票要再等，说周一肯定寄出，到了周二打电话过去说还没寄！还说就50块钱急什么，说到这里我就想骂你了！钱多钱少我就是要开发票，哪有你这样说话的！***,态度,negative,服务,negative,,,,,,,,,,
地理位置很方便，挨着西四。不过，这里晚上十点之后不提供饮用水。酒店方解释是因为酒吧台有服务生烧开水，存在暖瓶里。可是！到了吧台才知道，服务生十点就下班了！暖瓶也早让大家排队接空了当时正在感冒，想喝药。拿着感冒冲剂，却到处找不到开水特别特别不爽！,位置,positive,服务,negative,,,,,,,,,,
订的288的标间，结果还是一半地上一半地下，进去连张凳子都没有，孩子累了就懒得换了，本来是体验青年旅舍的氛围，根本没有！下次还是如果便宜还是住快捷！,环境,negative,,,,,,,,,,,,
很垃圾！鸽子笼大小！整个房间不通风！房间没法住！前台服务也很垃圾！,服务,negative,房间,negative,,,,,,,,,,
无开水，厕所在一楼，房间在二楼，网速渣的不行。,网速,negative,,,,,,,,,,,,
开水是限时供应，我到的时候是下午三点多，十分口干，服务员说下午六点才供应开水。,服务,negative,,,,,,,,,,,,
来北京住的最坑的一家，除了工作人员服务态度没问题，其他都差到不想细说。简单举个例子，第一次遇见喝个热水都特费事，而且下班就没人烧的场景。入住前看了其他人的评价我还不信，结果自己当了次**有志者继续吧，多亏我只住一天。,态度,negative,服务,negative,,,,,,,,,,
太小了 住着有点压抑,环境,negative,,,,,,,,,,,,
卫生差，床上有头发，纸屑，不好烂,卫生,negative,,,,,,,,,,,,
四人间超小，憋屈的不行，果断白交钱离开！,环境,negative,,,,,,,,,,,,
服务特别不规范且差劲。公共区不让进，洗衣服25，还没地方凉衣服。就算预定了隔日的房间，也不提供保存行李,服务,negative,,,,,,,,,,,,
性价比很差，房间毫无私密性，入住房间没有钥匙，房门不能反锁，房间没有窗帘，小院杂乱，餐食粗陋，毫无民宿文化与内涵，服务也就是农家院水平，这样的水平一晚3000，实在不敢美化误导。,服务,negative,性价比,negative,安全,negative,,,,,,,,
这是我住过最糟糕的房子，没见过比这个更糟糕的了！房子里什么苍蝇多的可怕，晚上根本睡不了，满屋都是，自己打了近百只苍蝇！厕所水池子一直漏水，跟服务员说了告诉我没事，水就这么流一晚上！不会再来了，奉劝各位亲也别浪费钱了！,服务,negative,环境,negative,,,,,,,,,,
服务差，设施差,服务,negative,设施,negative,,,,,,,,,,
很差的旅馆，房间里有异味，应该是长期卫生没有搞好导致，房间也没有电话，没有蚊香，导致一晚都没睡好！,卫生,negative,环境,negative,,,,,,,,,,
服务态度超级差，设施不好，房间小的不能再小了。尤其前台服务态度超级不好，11点就催退房。又不是不知道。,态度,negative,服务,negative,设施,negative,,,,,,,,
大家去这家店一定要注意刷卡押金预授权的问题，我21号定的，22号离店，当时前台说已经办好还刷了我之前办押金的卡，说预授权已经取消。之后第二天接到他们前台电话说没有取消，要帮我重新操作，直到信用卡账单下来他们还是刷了我1000元，直到今天11月3号，给他们打了几次电话还是没有退款。,预授权,negative,管理,negative,,,,,,,,,,
找服务员，服务员说这个季节就这样。拎行李箱过去的时候，服务员，根本就不帮忙，老人孩子一家人拎着大包小包，他们看着，我问了一句，你们为什么不帮忙？他们说可以帮。然后也没帮。房间环境特别差，阴森恐怖。周边环境，也很差，很不安全。非常贵，是周围，房价的，五倍左右！建议还是过去选其他的，去住，更实惠。更卫生，服务更周到。,环境,negative,服务,negative,卫生,negative,,,,,,,,
晚上九点半，我们一身汗，然后这个六人间别墅房不能洗澡！凉水！告诉我，最快半小时可以修好！,服务,negative,,,,,,,,,,,,
被子不是每位客人换一套的。民俗村里烧烤的小餐馆 搞得油烟大。玩会牌 手动的麻将桌要每晚将近300元 应该免费提供的，卧室没电视，客房没有衣架 只好把脱下来的衣服放客厅沙发上。,卫生,negative,,,,,,,,,,,,
不值这个价钱,价格,negative,,,,,,,,,,,,
酒店环境太差，安全系数低;价格最贵，享受不到优质服务;服务员业务不精，鬼鬼祟祟;想打造高端却提升不了档次;几千元的消费，都达不到快捷酒店的服务，真是龌龊。这个酒店周围都是民宿，服务优质，态度和蔼，做了一手拿手好菜，不过赶上周末人太多，必须提前预订。,态度,negative,环境,negative,服务,negative,价格,negative,安全,negative,,,,
好吧。在密云水镇旁边的村里。我们是两家带孩子一起出游，为了特意要住在一个屋檐下的感觉，选择这里。楼上楼下两个三口之家住起来还是比较舒服的。但实话实说也就是村里大姐在做服务，所以对于他们的服务水准，餐食水准 请不要有过高的预期。如果不是特别需要两家人住一栋别墅的这种需求，没有必要选择这个酒店。还是密云水镇里的酒店性价比更高。,服务,negative,性价比,negative,餐饮,negative,,,,,,,,
我感觉此价位和实际入住的酒店严重不符,性价比,negative,,,,,,,,,,,,
虫子很多卫生待改善服务差,服务,negative,卫生,negative,,,,,,,,,,
酒店环境太差，安全系数低;价格最贵，享受不到优质服务;服务员业务不精，鬼鬼祟祟;想打造高端却提升不了档次;几千元的消费，都达不到快捷酒店的服务，真是龌龊。这个酒店周围都是民宿，服务优质，态度和蔼，做了一手拿手好菜，不过赶上周末人太多，必须提前预订。,态度,negative,环境,negative,服务,negative,价格,negative,安全,negative,,,,
太一般，馒头有虫子,餐饮,negative,,,,,,,,,,,,
很烂，平时300块 6日要800块 其实就是日租房，以为是酒店，到目的地是小区门口，打电话出来接的，等了好久。看过房间不满意还不给退，真服了！去那玩的话还是建议住到景区里。景区酒店包含门票，住这还要单独再买门票，希望大家不要上当了！房间所谓的大床房就是两个小窗拼一起的，睡觉也不舒服。哎希望对你们有帮助,服务,negative,房间,negative,,,,,,,,,,
在一个小区里，离景区很近，但不含景区票和温泉票，价格还是比较高，设施差评，淋浴微波炉各种问题，早餐也很不走心，几个不好吃的菜包子，还热不了，房间居然没有牙刷。负责的人还算可以，但古北水镇整个都是人造的景区，很没意思，很贵，强烈不推荐。,价格,negative,设施,negative,,,,,,,,,,
不太值，不太方便，其他还好就是发票不能当场开，两个文件到付又花了48,价格,negative,,,,,,,,,,,,
一千块钱住一次类似地下室的房间，也算是人生一项体验,环境,negative,,,,,,,,,,,,
房间没有暖气，空调不制暖，一夜冻得没睡好，打电话给客服，客服人员来说地暖一会就热，空调是一匹制暖慢，结果这样我们一家三口被冻了一夜，说好的地暖，第二天早上地面还冻脚，这是我住宿体验最不好的一次！,设施,negative,,,,,,,,,,,,
酒店卫生不行，枕头上被子上有毛发，看之前评论说有饼干面包，现在都没有了，只有一兜冻包子，很冷很冷，地暖不行，后来开了一宿空调，又吵又干，勉强可以睡觉，最关键让人不满意的地方是我花了1368块订的房间当天看携程价位同样的房间只有五百多，感觉非常非常坑，现在是淡季，怎么价格会这样，理解不了，非常不满意。不知道是携程的问题还是酒店的问题。,价格,negative,卫生,negative,设施,negative,,,,,,,,
去北水古镇玩提前几天都没有房订了，想着就在景区旁边，而且房费是700多，想着应该不会太差，但是入住的体验是十分的糟糕，说是酒店公寓实际就是返租的房子，晚上回去看到长长的走廊听到走路的回声，心里各种害怕和恐惧，反正我是绝对不会再去住了差，差，差,性价比,negative,安全,negative,,,,,,,,,,
不是正规酒店，没有早餐，莫名停水，不能洗漱，折腾了一早上也解决不了，严重差！,餐饮,negative,,,,,,,,,,,,
冻死了～油之类的也是变质了,餐饮,negative,设施,negative,,,,,,,,,,
酒店的家具配置太差甲醛味道非常浓,设施,negative,,,,,,,,,,,,
非正规酒店，实在对不起这个价格，停车场离得远酒店表示我们接不了，下雨天酒店表示我们自己也没有雨具，得自己出去买，入住也并未要求出示有效证件，前面入住人员留下的床头柜边上的烟灰和垃圾也并未清理，总之很差,价格,negative,卫生,negative,,,,,,,,,,
能够好评的只有网络，很给力。入住房间基本舒适，但总体从软硬件上均无法和高收费相对应，店家理念是可提倡的，但细节上差距很大，管家服务不到位，小院混乱，总之比较失望,服务,negative,网络,positive,性价比,negative,设施,negative,,,,,,
怎么说呢，如果这是普通的农家院也还可以，问题是价钱这么贵，完全没有达到标准，小院里还凑合，出去没什么可看的，重点说一下洗漱条件吧，所有的水龙头都像随时要停水的感觉，水流小的可怜，洗澡都冲不干净身上的沐浴露，水真是太小了。可以露天烧烤，不过碳是最差的原始款，特别大的烟，炉子也是特别小特别不专业的那种。院子不大，一烧烤就全是烟了。所以整体感觉真的有些失望，不会再来了。问了管家，她也是很实在的说，没有回头客。,价格,negative,设施,negative,,,,,,,,,,
网红店。希望提高设施设备。注意卫生。这个价格是不值的。,价格,positive,设施,negative,卫生,negative,,,,,,,,
不得不吐槽一下了：车要停村子外面，虽然不远。房间就是原来的农民房改建的，改的很漂亮，但外面环境糟极了，就是北方传统农村，没一点景致可言。我和孩子大中午的在院子里踢会足球，跳进来一个大妈，指责我们声音大，殊不知村子内不停的有柴油农用车和拖拉机来回开，比我们吵不知多少！屋内有厨房，管家会给做下午茶和晚餐，挺好的。希望她们把剩菜及时处理吧。总之感觉不如山里寒舍了。,环境,negative,,,,,,,,,,,,
卫生间下水道味道十分浓郁 枕套上有头发 床单有股炭烧味道 五号院里面有个厨房 那里面的菜味也是一阵阵一股股 出门一片荒凉 晚上的火锅盆看着挺新鲜 大姐也很辛苦 但是不爱吃 早餐也不指望了 建议一定要多带吃的 总之是一次不愉快的出行 感觉和房间的价位太不匹配了 只能说是披着华丽外衣的农家院吧 下次应该不会再光顾了 至少再不会住五号院了 对了 还有虫子 发现2-3只 搞不清是什么 个头像蜜蜂 样子像苍蝇,卫生,negative,设施,negative,性价比,negative,,,,,,,,
早晨馒头咸菜小菜鸡蛋送到屋里，但是这个定位太不准了，本来以为在景点门口，结果进小区还得走好远，晚上穿少了，回房间后开空调，客厅的还可以，卧室的功率完全不够，来的时候司机还帮忙搬一下行李，走的时候完全自己搬，关键是想要到屋里还需要搬好多楼梯，才能上去，有种房子在半山的感觉，屋里环境不错，用品也不错，就是太远了逛完真的不想走回房间，还是近一点好，没有所谓的服务，比如药品，酒水需要到小区的贩卖机买太冷了懒的出去，厕所淋雨出水量完全小，一点压力也没有，还是住酒店比较好，古北之光或者水镇大酒店,环境,negative,服务,negative,,,,,,,,,,
在网上交了房费和押金，写明到店无需再付押金的，结果店里说网上是网上的，店里是店里的，这是什么逻辑？网上预定收我押金干嘛？！ 房间里有些潮，没有一次性拖鞋，没有瓶装水！ 空调不能调节温度！ 服务也较差！ 不会再来，不推荐！,服务,negative,,,,,,,,,,,,
房间很小，蓝色的墙壁更显狭小。老板人还不错，人很客气。可能是淡季的原因，只提供住宿和早餐，其他时间没有食物供应，也没有惊喜老板没有免费擦车。厕所反味儿特别严重，我们住的三楼，卫生间不能久待。希望改善！,卫生,negative,老板,positive,,,,,,,,,,
酒店很一般，毛巾只有两条，就两把牙刷，没梳子、没吹风机。厕所门很破，锁不上不说，门框掉皮厉害，另外卫生间条件很差，没通风，一股臭味，也很脏。所谓的地中海风格就是墙壁刷成了蓝色仅此而已。总之300多的房间，不如去随便找个一百多的农家院，感受很差，不推荐入住。唯一一点满意的是老板把车给洗了，这点赞。#卫生#,卫生,negative,老板,negative,设施,negative,,,,,,,,
早点有，有免费停车场，适合带孩子玩，但是环境一般,环境,negative,,,,,,,,,,,,
不值这个价位，泡池不开放,性价比,negative,,,,,,,,,,,,
前台，客服态度特别差，去了就吵了一架，生气，本来是去玩的，瞬间就没有心情了,态度,negative,,,,,,,,,,,,
**，长这么大就没住过这么贵还这么差劲的酒店，连个客服都没有，位置超级偏，离景点特别远，来的时候找不到路服务员还给指了一条反方向的路，而且还没到就把验证码消费了，我们是被消费的，到了房间看见的先是床上的一只死苍蝇，然后在屋里陆陆续续看到各种昆虫，有个衣柜连衣撑都没有也不知道要衣柜干嘛！要求退房，可去哪儿网为了保护酒店也不给退，也是醉了，住这一晚也是被坑的，旁边就是火车道被吵了一晚上都没睡好，再也不会住这种没保障的破民宿了,位置,negative,服务,negative,卫生,negative,,,,,,,,
酒店很一般，一千多一夜真的是不值，所有的卫浴都是杂牌子的，马桶冲完水，嗡嗡的响，窗户打开还关不上。真的是有些失望。,性价比,negative,设施,negative,,,,,,,,,,
提前二个月定了2间房，临行前因故要取消一间，连着打了两天电话才打通，听服务员介绍打算留一间有阳台有浴缸的，结果到了酒店一看才知道退错了，服务员太不专业！答应有房就联系我们，连住了三天没有一天主动告之进展，太敷衍，这样做生意可做不大！既使没有房也应该主动回复呀，这是职业与礼貌！早餐品种更只有一只手就可数的几样，而且9点就没了房间里好多臭大姐性价比太低,服务,negative,性价比,negative,餐饮,negative,卫生,negative,,,,,,
村子里修路车停的特别远，满院子的会飞的臭虫房间里枕头上都有，晚上不到九点就停水了，一家人谁也没有洗就睡觉了，半夜有一个房间从房顶发大水，弄的大家鸡犬不宁。本来住两个晚上，第二天一早就退了离开。房东很热情，可是这种条件应该是不能接待的。希望改进。。。。,卫生,negative,设施,negative,,,,,,,,,,
比照片上的差太多了，路边停车，灰尘弥漫。,环境,negative,,,,,,,,,,,,
比较失望，房间小到不好意思拍照。住了几天，竟然木有打扫过房间.....我也是。。。可能天冷了吧，院子里的景观.....嘛也木有！好吧，可能我对四合院太理想了......,房间,negative,环境,negative,,,,,,,,,,
脏乱差小,卫生,negative,环境,negative,,,,,,,,,,
外出七天酒店里体验最糟糕的一次，酒店在一条小胡同里，里面种植了些花草，看起来很小资，但也太窄小了，根本没有走动的地方，哪里对得起这一千块钱的房价，订了双床房，因有两小孩，我跟我小孩一晚上没睡，翻下身可能就掉床下了，最后小孩流鼻血滴了两滴在床巾上也被扣了100块钱，明明可以洗掉的，她们说她们也是租的，搞得我们心里也不爽,环境,negative,价格,negative,,,,,,,,,,
没想到是间筒陋的民房，连张像样的桌子都没。像隔间。差评,设施,negative,,,,,,,,,,,,
酒店在小胡同里 车完全开不进去 我一个女孩子 提着好多行李 走了1000米才走到！知道自己的位置不好怎么没有接送服务呢？各地很多酒店，比如西塘，在景区里的 都是专人接送啊。 卫生间没有门 是开放式的，我觉得还是有点奇怪。酒店的细节品味不用说，很不错。走的时候没打到车 更是走的远。,位置,negative,服务,negative,卫生,negative,设施,negative,,,,,,
房间的洗手间传来恶臭，加上房间超级小，整晚被熏得难以入睡，还有，房间真的太小太小了，连行李箱都打不开，也就冲着露台那能拍拍照，在房间里一刻都呆不下去，早餐也潦潦草草，态度也不是很热情，一副你爱住不住我们就是这么有范的姿态。总之，完全不值这个价。,态度,negative,卫生,negative,,,,,,,,,,
环境差到极点，并且还感觉特别不安全，地方又很偏僻，让人望而却步,环境,negative,位置,negative,,,,,,,,,,
在住家里，环境一般，离车站不远到是,环境,negative,位置,positive,,,,,,,,,,
烟味过重！不建议女生租住！离火车站有一定距离！,位置,negative,,,,,,,,,,,,
刚开始还觉得房东一家人挺不错的，住久了就觉得各种抠门以及不好说话，感觉好像没给钱似的。,服务,negative,,,,,,,,,,,,
环境一般般，床和被子都是新的，卫生间条件有点差。。。。。。。。。。。。。离火车站北广场步行20分钟,环境,negative,卫生,negative,,,,,,,,,,
体验极差，一分钱一分货。卫生极差，上一个人睡过的被子，直接叠好，等一个人来了，就说，这是干净的，太无语了。里面住的是些乱七八糟的中年男人，窝在一起。一个女孩子还是不要住这种地方，太吓人了。,卫生,negative,,,,,,,,,,,,
环境一般，网上定的庆生房，第一次定，也不知道什么意思，到了让补差价，还好携程商量解决，希望能提高一下卫生,环境,negative,卫生,negative,,,,,,,,,,
不好找，还叫不是一个地方，床位多放，人多，卫差，环境差，不多说了，一字差，,环境,negative,卫生,negative,,,,,,,,,,
太垃圾了。住宿环境卫生都很差。本来租了2晚的，才住了一晚，就把东西全扔了，找了半天才在墙角落的地上找到。一个180元的充电宝直接被扔坏了。奉劝还是多花几十元，找个好点的旅舍吧。不然肯定后悔！,环境,negative,卫生,negative,,,,,,,,,,
网上订更多次房第一次遇到这种事，卫生超级脏臭乱，床单被子枕头都没洗过，今晚你用，明_我用，异味大又臭，男女混合一个房间的而且卫生间门锁都没有锁的，一句话就是宰客脏乱不堪又臭又脏又乱非常危险卫生更差,卫生,negative,老板,negative,设施,negative,,,,,,,,
半夜走了很远过去，态度生硬地让我临时再去另一个位置入住，环境是我住我最差的青旅，没有之一。花同样的钱，还是建议你们换一家住。,态度,negative,环境,negative,位置,positive,,,,,,,,
半夜住宿还要在屋子里讨论租金价格也是没有哪里了！吵死本尊了！,价格,negative,环境,negative,,,,,,,,,,
一分钱一分货，老板算是很热情的了。租房。性价比高。,性价比,positive,老板,positive,,,,,,,,,,
差劲到极点一晚上没睡着卫生差环境差连基本的被子都没有erq空调白天不能开上厕所还限定时间,环境,negative,卫生,negative,,,,,,,,,,
不想说啥，总之基本的安全感和卫生感都没有！,卫生,negative,安全,negative,,,,,,,,,,
房间客厅都是床，住了几十个人吧，都是在上海打工的，卫生超级差，那天太晚了将就了一下，第二天一早就走了,卫生,negative,,,,,,,,,,,,
可以说是糟糕，没有房卡。连具体的位置都没有表示，去了都不知道在第几楼。真是糟心。态度也不是很好。#风格特色#差评。,态度,negative,位置,negative,,,,,,,,,,
只是暂时住。 床单被罩没有见换过。特味儿且潮湿。 客厅住姑娘总是敲里面人的门，里面住的想坐在客厅休息会被不待见，房间里特味儿__，卫生间都是长发，住了两天不敢再住了，立刻滚回家。还是稍微贵一点的青旅，干净一点点。不过里面都是女生，好多了。,卫生,negative,,,,,,,,,,,,
味道特别大，而且感觉很久没有收拾过，离地铁站公交站都很远，感觉这里周围环境很不好，楼下还有条铁路线。,环境,negative,位置,negative,,,,,,,,,,
价钱在那，说实话既然选择了就别挑剔那么多！虽然环境和卫生不怎么样但是30多块钱一天真的行了,环境,negative,卫生,negative,价格,positive,,,,,,,,
床单被罩和枕头散发着一股不可描述的味道，还脏兮兮的，人走了之后直接把被子叠一下放在床上，下一个人来了之后接着用，不知道多久才换洗一次。这样的青年旅社已经失去了原有的意义，住客大多数是一些受教育水平不高且不愿脚踏实地从事普通工作的常客，还有一些中年大叔。价钱低并不是服务差的理由,服务,negative,环境,negative,价格,positive,,,,,,,,
地理位置很好，出地铁就找到了，在北京性价比超级高了，老板超级热情，天南地北侃大山，超级开心的一趟北京之旅，下次老板来东北请你次饭,位置,positive,性价比,positive,老板,positive,,,,,,
在一个小区里面，还算容易找，求职就业的暂住地，整体还不错吧，离地铁站很近，老板很热情。要求不高就行。,老板,positive,整体,positive,,,,,,,,
很不错，老板十一点都下来接我，对于这个价位来说，性价比灰常之高，跟大学宿舍似的，再来体验一把青春的感觉,性价比,positive,老板,positive,,,,,,,,
嗯，适合来北京打工狗求职的小伙伴们，价格比较合理化，不过如果你不适应群居生活对住宿环境要求比较高的话身上钱还多得发烧的话不推荐你住,环境,neutral,价格,positive,,,,,,,,
性价比不错，推荐一下,性价比,positive,,,,,,,,,,
对顾客没有耐心，还与网上价位不一，多收顾客钱,服务,negative,价格,negative,,,,,,,,,,
环境太垃圾，服务太恶劣,环境,negative,服务,negative,,,,,,,,,,
服务态度不行,态度,negative,服务,negative,,,,,,,,,,
订的悦来把我弄去了乐来，两家是一个老板，卫生间厨房很脏，下铺的老住客人很坏，我睡的是上铺，她不让我动，还把窗户给打开，现在可是12月了啊，别人要睡觉她还不关灯,卫生,negative,,,,,,,,,,,,
三星吧，房间乱七八糟的而且老板也不怎么热情,老板,negative,环境,negative,,,,,,,,,,
服务太差，临时加价。,服务,negative,价格,negative,,,,,,,,,,
有套路，注意！有套路，网上订好的到时候有要加钱__,价格,negative,,,,,,,,,,,,
不行，环境差。待改进,环境,negative,,,,,,,,,,,,
卫生垃圾得不要不要的,卫生,negative,,,,,,,,,,,,
差评，不要问为什么，总之就是差，为了赚钱什么人都让住，晚上呼噜打的，让人怎么睡，这不是严重影响人吗，第二 天都没精神面貌去办事，花钱来睡觉的，不是来听打呼的。这样的还有人愿意来第2次吗。,环境,negative,,,,,,,,,,,,
是混租，很臭。房间乱。,环境,negative,,,,,,,,,,,,
良心拒绝推荐！！环境太差，不要以为青旅价钱低环境就应该差点，床单被罩一股味，房间还有老鼠，差到无法接受！！______ 朋友们不要订啊~！！我也不是娇生惯养的孩子，但是这环境真的无法接受啊啊啊啊。 好了，既是对旅行的朋友负责，也是对店家的负责，希望店家能有所改进！！,环境,negative,卫生,negative,,,,,,,,,,
此店太坑人了！大家不要上当、他们打着低价的幌子、把客人骗进去再涨价！该店的门口连个标志都没有、到处都找不到地方、他们刻意把房子的房号的牌子去掉、让人无法找到,价格,negative,,,,,,,,,,,,
地理位置很好，火_站出_站__路就到了，非常近！但是_工_度不好，也很_意，整__人感_很不正_！青旅是家庭式改_的，很小很窄的空_。__多人住的地方竟然只有一_沐浴的地方！整_青旅起_住了二十__人吧只有一_洗澡的地方！而且男女不分，_常有男生穿著__就出_了非常不雅_！不推_。,位置,positive,态度,negative,环境,negative,,,,,,,,
环境卫生0分房间空气质量0分，同样价格相比大连差的不是一点！,环境,negative,价格,negative,卫生,negative,,,,,,,,
房间杂物多到爆，厕所晚上排队我2点，脏乱差，房管吊的很，爱骚扰女孩子，女孩子注意了。,环境,negative,卫生,negative,安全,negative,,,,,,,,
服务态度很好！有点小，有点挤,态度,negative,服务,negative,,,,,,,,,,
环境很差，很不推荐。,环境,negative,,,,,,,,,,,,
不能再差了，和图片完全不一样，二人间竟然住仓库,环境,negative,,,,,,,,,,,,
有东西遗落，宾馆根本就没有核查就回复说没有。没早餐，不适合带孩子,餐饮,negative,,,,,,,,,,,,
不怎么样！有点挤德慌,环境,negative,,,,,,,,,,,,
还行，周边交通挺便利,交通,positive,,,,,,,,,,
老板还好，周边环境也行，是一个小区里。人多所以卫生可想而知，价钱在北京来说是便宜的了。省钱对其他的不太在乎的来说，很不错。,环境,positive,卫生,neutral,老板,positive,,,,,,
宿舍环境不错，挺好的。,环境,positive,,,,,,,,,,
服务还是可以的。,服务,positive,,,,,,,,,,
老板人很好,老板,positive,,,,,,,,,,
房间一般，被子不知道洗过没，但是住在一起的舍友挺好的，聊的很开心,房间,neutral,被子,neutral,舍友,positive,,,,,,
交通方便,交通,positive,,,,,,,,,,
1，具体位置网站上没写 必须打电话 2，住的地方没有手机信号 除了家里的Wi-Fi可以联网 3，最不能忍受的是 床单被罩等完全没洗 叠整齐了又给下个住户 枕套上还有之前客户很明显的口水印 家里蟑螂什么的就不说了 过程中 除了因为我预定的10间没有 换成6人间 还没收费之外 没有任何值得提的地方,位置,negative,卫生,negative,,,,,,,,,,
没有早餐，不适合带孩子，宿舍在顶楼，大都都是常驻人员，晚上吵吵到很晚1130，但服务态度很好,态度,positive,环境,negative,,,,,,,,,,
房间很乱，有一些好像常租客，总之有别的选择就别选这家,环境,negative,,,,,,,,,,,,
脏，乱，卫生差,卫生,negative,,,,,,,,,,,,
房价便宜，但实在环境太差，需要房东好好收拾和布置一下了,环境,negative,价格,positive,,,,,,,,,,
真的很差，不想说了，大厅都没有。,环境,negative,,,,,,,,,,,,
价格实惠，适合单独出行,价格,positive,,,,,,,,,,,,
垃圾的一批 地址不对 住的超次 还让在17号楼等着 打电话还问多大 你特么瞎啊 登记上你看不见身份证哪年的？ *青年,服务,negative,,,,,,,,,,,,
第一次入住这么差的青旅，只住了一晚，入住的人估计受环境影响，脾气也差。就赶紧走了，周边很嘈杂，人口也鱼龙混杂。总之是一次很不愉快的入住经历。慎拍！,环境,negative,,,,,,,,,,,,
黑店 让我临时加70 没办法 这么晚了让我去哪里找 而且是群租房 不见光的 还要拿物业卡才能出入 非常不方便 而且 很多床 床单 枕头套 被套都没有 说人多没办法提供,价格,negative,环境,negative,态度,negative,,,,,,,,
这是我住过的卫生最差、环境最差的客栈，没有之一。而且地址也不是携程上面所标的地址，被子是铺在床上很久没有换过的，厚厚的一层灰，脏得要死，房间也是到处脏兮兮的，别看店名取得跟老北京似的，实际上店主是一个东北小伙，做生意不是很用心，连卫生都懒得打扫，被子也不换，这样还能开旅馆，真是奇葩了。,环境,negative,卫生,negative,,,,,,,,,,
北京天价贵,价格,negative,,,,,,,,,,,,
环境一般般般,环境,neutral,,,,,,,,,,
需要收200块押金，走的时候会退，第一次住青旅，不知道拖鞋要自己带，我还去新买了一双，环境可以，就是花洒出水有点小，价格便宜，性价比很高,环境,positive,价格,positive,性价比,positive,,,,,,
房子装修觉得不错，老板也好说话，楼下有超市网吧美食城巴拉阿拉，离地铁站挺近交通方便(只不过早高峰有点吓人)，性价比还不错,交通,positive,性价比,positive,老板,positive,房子,positive,,,,
青旅，这家真的不错，老板人特别好，宿舍环境绝对不错，对得起这个价格，有空调，可以洗澡，有洗衣机，友情提醒，洗漱用品是需要自带的哦,环境,positive,价格,neutral,老板,positive,,,,,,
北漂不易，老板也不易，开个小旅馆，象做贼一样。非常适合北漂的临时过渡。老板人很好。,老板,positive,,,,,,,,,,
这个价格，这个条件，还是可以接受的。不过要尤其表扬下服务员，由于航班延误，凌晨才到，小伙子一直在等我。,服务,positive,价格,neutral,,,,,,,,
很不错，地理位置也很好，老板人很随和环境也不错，很卫生干净很喜欢值得订购哦。我也说不出其他的话，总的来说就是非常非常的好。,环境,positive,位置,positive,卫生,positive,老板,positive,,,,
位置很好找，地铁公交也方便，小区里吃的还比较方便实惠。房东人还不错。首先价格便宜，太高要求就不合适了。,位置,positive,价格,positive,,,,,,,,
这几天住的最好的一次，在北京这个地段，能有这么好的环境，而且还是这个价位。已经非常难得了，住着舒服。,环境,positive,,,,,,,,,,
老板人很好，服务也很周到，周围也有很多购物吃饭的地方，很不错,服务,positive,老板,positive,,,,,,,,
老板都很热情，还下楼来接，每天有专人打扫卫生，很干净，小区位置挺好的，旁边就是双井地铁站，出行比较方便，对了还有免费wifi冰箱洗衣机空调哦，住得很舒服,位置,positive,卫生,positive,老板,positive,,,,,,
环境很好 老板人很好,环境,positive,老板,positive,,,,,,,,
地理位置不邋,位置,positive,,,,,,,,,,
住着舒服 卫生好 服务态度也好,态度,positive,服务,positive,卫生,positive,,,,,,
还行吧，比较适合年轻人，经济实惠，位置也好，比之前住的青旅要好很多，大厅不住人，确实干净整洁的多，人比较少。,位置,positive,,,,,,,,,,
老板人很好，环境也不错。,环境,positive,老板,positive,,,,,,,,
刚到北京北漂，住到这里很幸运，干净卫生就不用说了，最主要的是氛围好，主要是老板把大家当自己家人，感到很温馨。力荐。,卫生,positive,老板,positive,氛围,positive,,,,,,
可以的，值得推荐！清净，干净，宿舍气氛安宁和谐。店主态度真诚，服务周到，主要是价格经济实惠，旅行，学习的最佳方案,态度,positive,服务,positive,价格,positive,氛围,positive,,,,
老板热情住的挺好,老板,positive,,,,,,,,,,
老板人挺好相处的。,老板,positive,,,,,,,,,,
第一次住，感觉挺不错，和大家在一起像大学宿舍一样，聊聊天不会觉得无聊，最重要的是，价格实惠，地理位置也方便，走几步就到地铁站。,位置,positive,价格,positive,,,,,,,,
有洗澡，拖鞋，热饮水，上下床铺一张，室内干净，整洁，小区地点好，靠近地铁站，小区外面就很多饮食店和商场，方便。很好。店家人也随和。不错,室内,positive,店家,positive,,,,,,,,
大叔人很和善，房间有点挤，但是北京寸土寸金的也可以理解，设施比较齐全，有私人储物柜,设施,positive,大叔,positive,,,,,,,,
靠近地铁站 交通便利。附近也可解决三餐。第一次来北京，体验相当好，感谢大叔 下次再来,交通,positive,,,,,,,,,,
还不错 老板人可以,老板,positive,,,,,,,,,,
便宜实惠老板态度也很好实在人房子干净漂亮服务很周到出行方便,态度,positive,服务,positive,老板,positive,房子,positive,,,,
物美价廉，经济实惠，环境好，交通方便。,环境,positive,交通,positive,,,,,,,,
老板人好，还做饭给我们吃，住的舒适，特别好,老板,positive,,,,,,,,,,
房间特别温馨,房间,positive,,,,,,,,,,
老板人很好,老板,positive,,,,,,,,,,
不错，老板人好 感觉不错价格合理,价格,positive,老板,positive,,,,,,,,
老板人很好,老板,positive,,,,,,,,,,
大叔很好服务牛逼环境牛逼啥都牛逼,环境,positive,服务,positive,,,,,,,,
酒店位置挺好的，交通方便,位置,positive,交通,positive,,,,,,,,
位置挺好找的,位置,positive,,,,,,,,,,
挺好的，便宜干净，老板人挺不错，位置方便，离地铁进，老板热情，推荐！！！,位置,positive,老板,positive,,,,,,,,
总体上对的起这价格吧,价格,neutral,,,,,,,,,,
挺好的，老板实在，不错,老板,positive,,,,,,,,,,
环境好，服务好，房东态度好,态度,positive,环境,positive,服务,positive,,,,,,
房东大叔人还不错，有什么问题都能给解决，楼下吃饭购物都挺方便，价格也不贵，离双井地铁站也很近，就是屋里人形形色色的，空气不太好，总抽烟受不了。,价格,positive,房东,positive,空气,negative,,,,,,
房东人很好，房间很干净，每天都有人打扫卫生，到小区有人接，小区很方便，特别好的青旅，下次还会来的,房东,positive,房间,positive,卫生,positive,,,,,,
房间比较干净，整洁，老板服务热情，很帮忙，让旅途中的我感觉很温馨,服务,positive,老板,positive,房间,positive,,,,,,
公寓位于帝都三环处 ，共享单车，城市公交地铁等交通方式方便，公寓价格优惠，吃行用等方面都很方便，房东服务好。,交通,positive,服务,positive,价格,positive,,,,,,
房间很整洁，楼下有超市和餐厅也很便利，关键是房东大叔人超级好的！以后有机会的话还会再来住的！,房间,positive,房东,positive,,,,,,,,
大叔人很好 在双井附近位置也方便 环境的话跟大学宿舍差不多吧,环境,positive,位置,positive,大叔,positive,,,,,,
位置不错 离地铁双井很近。房间六张床，房东房间也在房子里，比较安静 。房东人也很不错,位置,positive,房东,positive,,,,,,,,
服务非常好，物美价廉，非常适合临时住宿，感谢房东大叔，还会下次光临，谢谢,服务,positive,,,,,,,,,,
青年公寓，条件简陋,条件,negative,,,,,,,,,,
房间卫生太差,卫生,negative,,,,,,,,,,
地址位置很好，地铁公交都很近，交通、吃饭、购物都方便，服务态度也不错。卫生间脏乱差，不忍直视。 ,态度,positive,位置,positive,交通,positive,服务,positive,卫生,negative,,
是一套房子改的样子环境特别差，女生千万别住，蟑螂老鼠特别多,环境,negative,,,,,,,,,,
周边配套比较方便，地铁出行方便，老板热情，房间干净整洁，下次还会来住，谢谢老板的关照啊！,配套,positive,老板,positive,,,,,,,,
大叔人好，服务态度好,大叔,positive,服务,positive,,,,,,,,
地方很好，房东很棒,地方,positive,房东,positive,,,,,,,,
青旅位置很好，离地铁近，虽然是床位房但大家都很安静没有互相打扰，睡觉睡的很好。华姐是东北人，待人真诚热心。下次来北京还会来这儿,位置,positive,姐,positive,,,,,,,,
"在北京地界,这个价位很不错,房子环境简陋了些,但该有的都有,老板东北年人,很直爽,适合穷游行,经济型及长时间居住朋友适合居住!",房子,positive,老板,positive,,,,,,,,
首先要说一下，老板人挺好的，枕头套床单被套业很干净，床很舒服，接下来我要吐槽了，卫生间太脏了！,老板,positive,枕头,positive,床,positive,卫生间,negative,,,,
卫生环境太差了，没有四人房还不撤销也不能退房，客厅也是乱七八糟的,卫生,negative,客厅,negative,,,,,,,,
位置还行，在火车站附近。但是这个卫生条件也实在不想多说什么，被套床单感觉都没有换，明显看出脏的了，屋里住的人也不咋样。,位置,positive,卫生,negative,,,,,,,,
都是常驻的，卫生很差，住过被褥不会换，上面还有鼻屎，床摇摇欲坠，半夜两点多还有常驻的回来，空气和安全都很不好,卫生,negative,空气,negative,安全,negative,,,,,,
环境不好啊..电梯坏的，小区里面...贴满了广告单,环境,negative,,,,,,,,,,
位置偏 卫生差 服务不好,位置,negative,服务,negative,卫生,negative,,,,,,
价格不贵，卫生还好，就是房间臭的让人恶心。下午7点多入住，睡了3个小时。实在受不了，定金不要就退房走了,价格,positive,卫生,negative,,,,,,,,
垃圾堆的地方，脏乱差,地方,negative,,,,,,,,,,
环境一般，有噪音，服务很好。给我苹果啊,环境,neutral,服务,positive,,,,,,,,
一码归一码 虽然老板人很好沟通 但是居住环境 嘈杂程度与安全都很不尽如人意。,老板,positive,环境,negative,,,,,,,,
环境一般,环境,neutral,,,,,,,,,,
这是一个极其劣质的旅舍，什么乱七八糟的人都有，而且老板是一个极其劣质的男人，微信已给他转账房费，他事后把交易记录删除了，抵赖我没有付款。,旅社,negative,老板,negative,,,,,,,,
厕纸也不提供 马桶没水 不能冲厕所也是绝了 十楼的环境可怕的也是绝了 门也是一直响 被子渣还扎人 我觉得除了离地铁站比较近外真的条件差,环境,negative,厕所,negative,被子,negative,条件,negative,,,,
垃圾，一晚上都快没睡着不想解释，没有任何服务 被子床单估计一年难洗几次,服务,negative,被子,negative,,,,,,,,
被子有味道很难闻,被子,negative,,,,,,,,,,
卫生太差了！不过价格在那,价格,negative,卫生,neutral,,,,,,,,
位置不错，卫生条件差,位置,positive,卫生,negative,,,,,,,,
环境太差，不如坐旅馆(浴场),环境,negative,,,,,,,,,,
老板打电话不接，发信息也不回,老板,negative,,,,,,,,,,
室内无卫生间，卫生一般！,卫生,neutral,,,,,,,,,,
老板亲自下楼去接的我，还帮我们搬行李，人很热情呢！房间很大，很干净！总体感觉很温馨！到点就熄灯，睡得很舒服！这点很人性化呀！,老板,positive,房间,positive,,,,,,,,
房间很干净 很卫生 服务员态度也非常好 酒店交通便利 电视也很大 信号很好 床很舒服 很软 超级喜欢,态度,positive,交通,positive,服务,positive,卫生,positive,,,,
旅舍地理位置不错，距离地铁站挺近的出行方便，价格也便宜，在北京能找到那么便宜位置也不错的地方很不容易了,位置,positive,价格,positive,,,,,,,,
里面环境很好，都是木质床。出门地铁公交车都很多，北京遍地都是共享单车。屋里每天都有阿姨打扫卫生。被子枕头无敌舒服，亲肤不刺激啊。下次还来。必须赞一个！,环境,positive,卫生,positive,被子,positive,枕头,positive,,,,
挺好的，第二次入住了，来北京玩，第一天和最后一天都住的这里，环境卫生，最关键喜欢氛围～满意,环境,positive,卫生,positive,氛围,positive,,,,,,
老板90后 人超好 有吃有喝有玩 大家一起很热闹,老板,positive,,,,,,,,,,
居住环境很好，房客也都很好相处，下次还会再来,环境,positive,,,,,,,,,,
挺满意的，来旅游，交通方便，卫生干净，最关键老板人挺好，大家气氛都不错，第一次体验青旅，哈哈哈，年轻人扎堆，氛围特别好。,交通,positive,卫生,positive,老板,positive,氛围,positive,,,,
之前住过好多次青旅这里给我的感觉是最棒的！房间特别干净！老板人也特别好服务周到，设施也特别齐全！,房间,positive,服务,positive,设施,positive,老板,positive,,,,
来北京这几天，完全把这里当成自己家了。房东哥哥东北人，炒鸡好。每天都有漂亮阿姨打扫卫生。离地铁很近。一百米就能看见。性价比绝对棒。以后来北京还回来,卫生,positive,性价比,positive,房东,positive,,,,,,
之前也住几过家青旅他家绝对是最好的了没有之一！老板特别热情人也特别好服务周到，房间也特别清新干净给人一种特别舒服的感觉，设施配套也特别齐全，客厅也超大！,房间,positive,设施,positive,老板,positive,客厅,positive,,,,
位置很好 临近地铁口 出行方便 第一次来北京 对景点不熟悉 老板很热情 给我计划行程 告诉我哪儿比较好玩 房间很温馨 很干净 很满意 下次还来住,位置,positive,老板,positive,房间,positive,,,,,,
老板人nice，设施也很方便，卫生环境也不错，舍友友好，住过气氛最融洽的青旅，还会再光顾的。,环境,positive,设施,positive,氛围,positive,老板,positive,,,,
老板人超好，典型的东北爷们，而且特别幽默。整体环境也不错，主要还超级便宜，下次来一定还会再选这里。,环境,positive,老板,positive,,,,,,,,
交通也方便，公交很多，地铁十里河很近。 老板大林人挺热情客气的 小区安全搞得不错，进出小区，电梯都要刷卡。,交通,positive,老板,positive,安全,positive,,,,,,
附近交通很方便，房间也很温馨，住客都是年轻人相处下来完全就是失散多年的老同学，哈哈 ，最后老板有点小帅,交通,positive,老板,positive,房间,positive,,,,,,
"店家小哥人帅又nice, 非常细心，态度也特别好。",态度,positive,,,,,,,,,,
住了很多次了，位置卫生都很好,位置,positive,卫生,positive,,,,,,,,
房东人很好呦，住户也不错。,房东,positive,,,,,,,,,,
住了几次了，交通和环境很不错,环境,positive,交通,positive,,,,,,,,
离北京站很近，卫生干净,卫生,positive,,,,,,,,,,
还行吧，住在28层最高层，交通挺便利，生活挺方便，大多是青年求职者集中居住地，像我这种出来玩儿的也能凑合，注意保管好财务就行。,交通,positive,,,,,,,,,,
位置好，房间干净，房东人好,位置,positive,房间,positive,房东,positive,,,,,,
非常好，值得住，阿姨和小哥哥都很好,阿姨,positive,小哥哥,positive,,,,,,,,
服务很差，交通方便，环境不错，性价比很差 ,交通,positive,环境,positive,服务,negative,性价比,negative,,,,
服务很差，交通方便，性价比很差，环境不错 ,交通,positive,环境,positive,服务,negative,性价比,negative,,,,
服务很差，环境不错，交通方便，性价比很差 ,交通,positive,环境,positive,服务,negative,性价比,negative,,,,
服务很差，环境不错，性价比很差，交通方便 ,交通,positive,环境,positive,服务,negative,性价比,negative,,,,
服务很差，性价比很差，交通方便，环境不错 ,交通,positive,环境,positive,服务,negative,性价比,negative,,,,
服务很差，性价比很差，环境不错，交通方便 ,交通,positive,环境,positive,服务,negative,性价比,negative,,,,
交通方便，服务很差，环境不错，性价比很差 ,交通,positive,环境,positive,服务,negative,性价比,negative,,,,
交通方便，服务很差，性价比很差，环境不错 ,交通,positive,环境,positive,服务,negative,性价比,negative,,,,
交通方便，环境不错，服务很差，性价比很差 ,交通,positive,环境,positive,服务,negative,性价比,negative,,,,
交通方便，环境不错，性价比很差，服务很差 ,交通,positive,环境,positive,服务,negative,性价比,negative,,,,
交通方便，性价比很差，服务很差，环境不错 ,交通,positive,环境,positive,服务,negative,性价比,negative,,,,
交通方便，性价比很差，环境不错，服务很差 ,交通,positive,环境,positive,服务,negative,性价比,negative,,,,
环境不错，服务很差，交通方便，性价比很差 ,交通,positive,环境,positive,服务,negative,性价比,negative,,,,
环境不错，服务很差，性价比很差，交通方便 ,交通,positive,环境,positive,服务,negative,性价比,negative,,,,
环境不错，交通方便，服务很差，性价比很差 ,交通,positive,环境,positive,服务,negative,性价比,negative,,,,
环境不错，交通方便，性价比很差，服务很差 ,交通,positive,环境,positive,服务,negative,性价比,negative,,,,
环境不错，性价比很差，服务很差，交通方便 ,交通,positive,环境,positive,服务,negative,性价比,negative,,,,
环境不错，性价比很差，交通方便，服务很差 ,交通,positive,环境,positive,服务,negative,性价比,negative,,,,
性价比很差，服务很差，交通方便，环境不错 ,交通,positive,环境,positive,服务,negative,性价比,negative,,,,
性价比很差，服务很差，环境不错，交通方便 ,交通,positive,环境,positive,服务,negative,性价比,negative,,,,
性价比很差，交通方便，服务很差，环境不错 ,交通,positive,环境,positive,服务,negative,性价比,negative,,,,
性价比很差，交通方便，环境不错，服务很差 ,交通,positive,环境,positive,服务,negative,性价比,negative,,,,
性价比很差，环境不错，服务很差，交通方便 ,交通,positive,环境,positive,服务,negative,性价比,negative,,,,
性价比很差，环境不错，交通方便，服务很差 ,交通,positive,环境,positive,服务,negative,性价比,negative,,,,
我觉得老板人很好，位置真的很差，卫生间很脏，隔音很好，完全听不到旁边的声音，网络信号也很差，根本无法上网 ,老板,positive,位置,negative,卫生间,negative,隔音,positive,网络信号,negative,,
我觉得老板人很好，位置真的很差，卫生间很脏，网络信号也很差，根本无法上网，隔音很好，完全听不到旁边的声音 ,老板,positive,位置,negative,卫生间,negative,隔音,positive,网络信号,negative,,
我觉得老板人很好，位置真的很差，隔音很好，完全听不到旁边的声音，卫生间很脏，网络信号也很差，根本无法上网 ,老板,positive,位置,negative,卫生间,negative,隔音,positive,网络信号,negative,,
我觉得老板人很好，位置真的很差，隔音很好，完全听不到旁边的声音，网络信号也很差，根本无法上网，卫生间很脏 ,老板,positive,位置,negative,卫生间,negative,隔音,positive,网络信号,negative,,
我觉得老板人很好，位置真的很差，网络信号也很差，根本无法上网，卫生间很脏，隔音很好，完全听不到旁边的声音 ,老板,positive,位置,negative,卫生间,negative,隔音,positive,网络信号,negative,,
我觉得老板人很好，位置真的很差，网络信号也很差，根本无法上网，隔音很好，完全听不到旁边的声音，卫生间很脏 ,老板,positive,位置,negative,卫生间,negative,隔音,positive,网络信号,negative,,
我觉得老板人很好，卫生间很脏，位置真的很差，隔音很好，完全听不到旁边的声音，网络信号也很差，根本无法上网 ,老板,positive,位置,negative,卫生间,negative,隔音,positive,网络信号,negative,,
我觉得老板人很好，卫生间很脏，位置真的很差，网络信号也很差，根本无法上网，隔音很好，完全听不到旁边的声音 ,老板,positive,位置,negative,卫生间,negative,隔音,positive,网络信号,negative,,
卫生间很脏，隔音很好，完全听不到旁边的声音，我觉得老板人很好，位置真的很差，网络信号也很差，根本无法上网 ,老板,positive,位置,negative,卫生间,negative,隔音,positive,网络信号,negative,,
卫生间很脏，网络信号也很差，根本无法上网，位置真的很差，我觉得老板人很好，隔音很好，完全听不到旁边的声音 ,老板,positive,位置,negative,卫生间,negative,隔音,positive,网络信号,negative,,
卫生间很脏，网络信号也很差，根本无法上网，位置真的很差，隔音很好，完全听不到旁边的声音，我觉得老板人很好 ,老板,positive,位置,negative,卫生间,negative,隔音,positive,网络信号,negative,,
卫生间很脏，网络信号也很差，根本无法上网，隔音很好，完全听不到旁边的声音，我觉得老板人很好，位置真的很差 ,老板,positive,位置,negative,卫生间,negative,隔音,positive,网络信号,negative,,
我觉得老板人很好，卫生间很脏，网络信号也很差，根本无法上网，位置真的很差，隔音很好，完全听不到旁边的声音 ,老板,positive,位置,negative,卫生间,negative,隔音,positive,网络信号,negative,,
我觉得老板人很好，卫生间很脏，网络信号也很差，根本无法上网，隔音很好，完全听不到旁边的声音，位置真的很差 ,老板,positive,位置,negative,卫生间,negative,隔音,positive,网络信号,negative,,
我觉得老板人很好，隔音很好，完全听不到旁边的声音，位置真的很差，卫生间很脏，网络信号也很差，根本无法上网 ,老板,positive,位置,negative,卫生间,negative,隔音,positive,网络信号,negative,,
我觉得老板人很好，隔音很好，完全听不到旁边的声音，网络信号也很差，根本无法上网，位置真的很差，卫生间很脏 ,老板,positive,位置,negative,卫生间,negative,隔音,positive,网络信号,negative,,
位置真的很差，我觉得老板人很好，卫生间很脏，网络信号也很差，根本无法上网，隔音很好，完全听不到旁边的声音 ,老板,positive,位置,negative,卫生间,negative,隔音,positive,网络信号,negative,,
位置真的很差，我觉得老板人很好，隔音很好，完全听不到旁边的声音，卫生间很脏，网络信号也很差，根本无法上网 ,老板,positive,位置,negative,卫生间,negative,隔音,positive,网络信号,negative,,
位置真的很差，我觉得老板人很好，隔音很好，完全听不到旁边的声音，网络信号也很差，根本无法上网，卫生间很脏 ,老板,positive,位置,negative,卫生间,negative,隔音,positive,网络信号,negative,,
位置真的很差，卫生间很脏，隔音很好，完全听不到旁边的声音，网络信号也很差，根本无法上网，我觉得老板人很好 ,老板,positive,位置,negative,卫生间,negative,隔音,positive,网络信号,negative,,
位置真的很差，卫生间很脏，网络信号也很差，根本无法上网，我觉得老板人很好，隔音很好，完全听不到旁边的声音 ,老板,positive,位置,negative,卫生间,negative,隔音,positive,网络信号,negative,,
位置真的很差，卫生间很脏，网络信号也很差，根本无法上网，隔音很好，完全听不到旁边的声音，我觉得老板人很好 ,老板,positive,位置,negative,卫生间,negative,隔音,positive,网络信号,negative,,
位置真的很差，隔音很好，完全听不到旁边的声音，我觉得老板人很好，卫生间很脏，网络信号也很差，根本无法上网 ,老板,positive,位置,negative,卫生间,negative,隔音,positive,网络信号,negative,,
位置真的很差，隔音很好，完全听不到旁边的声音，我觉得老板人很好，网络信号也很差，根本无法上网，卫生间很脏 ,老板,positive,位置,negative,卫生间,negative,隔音,positive,网络信号,negative,,
位置真的很差，隔音很好，完全听不到旁边的声音，卫生间很脏，我觉得老板人很好，网络信号也很差，根本无法上网 ,老板,positive,位置,negative,卫生间,negative,隔音,positive,网络信号,negative,,
位置真的很差，隔音很好，完全听不到旁边的声音，卫生间很脏，网络信号也很差，根本无法上网，我觉得老板人很好 ,老板,positive,位置,negative,卫生间,negative,隔音,positive,网络信号,negative,,
位置真的很差，隔音很好，完全听不到旁边的声音，网络信号也很差，根本无法上网，我觉得老板人很好，卫生间很脏 ,老板,positive,位置,negative,卫生间,negative,隔音,positive,网络信号,negative,,
位置真的很差，隔音很好，完全听不到旁边的声音，网络信号也很差，根本无法上网，卫生间很脏，我觉得老板人很好 ,老板,positive,位置,negative,卫生间,negative,隔音,positive,网络信号,negative,,
位置真的很差，网络信号也很差，根本无法上网，我觉得老板人很好，卫生间很脏，隔音很好，完全听不到旁边的声音 ,老板,positive,位置,negative,卫生间,negative,隔音,positive,网络信号,negative,,
位置真的很差，网络信号也很差，根本无法上网，我觉得老板人很好，隔音很好，完全听不到旁边的声音，卫生间很脏 ,老板,positive,位置,negative,卫生间,negative,隔音,positive,网络信号,negative,,
位置真的很差，网络信号也很差，根本无法上网，卫生间很脏，我觉得老板人很好，隔音很好，完全听不到旁边的声音 ,老板,positive,位置,negative,卫生间,negative,隔音,positive,网络信号,negative,,
位置真的很差，网络信号也很差，根本无法上网，卫生间很脏，隔音很好，完全听不到旁边的声音，我觉得老板人很好 ,老板,positive,位置,negative,卫生间,negative,隔音,positive,网络信号,negative,,
位置真的很差，网络信号也很差，根本无法上网，隔音很好，完全听不到旁边的声音，我觉得老板人很好，卫生间很脏 ,老板,positive,位置,negative,卫生间,negative,隔音,positive,网络信号,negative,,
隔音很好，完全听不到旁边的声音，网络信号也很差，根本无法上网，位置真的很差，卫生间很脏，我觉得老板人很好 ,老板,positive,位置,negative,卫生间,negative,隔音,positive,网络信号,negative,,
隔音很好，完全听不到旁边的声音，网络信号也很差，根本无法上网，卫生间很脏，我觉得老板人很好，位置真的很差 ,老板,positive,位置,negative,卫生间,negative,隔音,positive,网络信号,negative,,
隔音很好，完全听不到旁边的声音，网络信号也很差，根本无法上网，卫生间很脏，位置真的很差，我觉得老板人很好 ,老板,positive,位置,negative,卫生间,negative,隔音,positive,网络信号,negative,,
网络信号也很差，根本无法上网，我觉得老板人很好，位置真的很差，卫生间很脏，隔音很好，完全听不到旁边的声音 ,老板,positive,位置,negative,卫生间,negative,隔音,positive,网络信号,negative,,
网络信号也很差，根本无法上网，我觉得老板人很好，位置真的很差，隔音很好，完全听不到旁边的声音，卫生间很脏 ,老板,positive,位置,negative,卫生间,negative,隔音,positive,网络信号,negative,,
网络信号也很差，根本无法上网，我觉得老板人很好，卫生间很脏，位置真的很差，隔音很好，完全听不到旁边的声音 ,老板,positive,位置,negative,卫生间,negative,隔音,positive,网络信号,negative,,
网络信号也很差，根本无法上网，我觉得老板人很好，卫生间很脏，隔音很好，完全听不到旁边的声音，位置真的很差 ,老板,positive,位置,negative,卫生间,negative,隔音,positive,网络信号,negative,,
网络信号也很差，根本无法上网，我觉得老板人很好，隔音很好，完全听不到旁边的声音，位置真的很差，卫生间很脏 ,老板,positive,位置,negative,卫生间,negative,隔音,positive,网络信号,negative,,
网络信号也很差，根本无法上网，我觉得老板人很好，隔音很好，完全听不到旁边的声音，卫生间很脏，位置真的很差 ,老板,positive,位置,negative,卫生间,negative,隔音,positive,网络信号,negative,,
网络信号也很差，根本无法上网，位置真的很差，我觉得老板人很好，卫生间很脏，隔音很好，完全听不到旁边的声音 ,老板,positive,位置,negative,卫生间,negative,隔音,positive,网络信号,negative,,
网络信号也很差，根本无法上网，位置真的很差，我觉得老板人很好，隔音很好，完全听不到旁边的声音，卫生间很脏 ,老板,positive,位置,negative,卫生间,negative,隔音,positive,网络信号,negative,,
网络信号也很差，根本无法上网，隔音很好，完全听不到旁边的声音，我觉得老板人很好，位置真的很差，卫生间很脏 ,老板,positive,位置,negative,卫生间,negative,隔音,positive,网络信号,negative,,
网络信号也很差，根本无法上网，隔音很好，完全听不到旁边的声音，我觉得老板人很好，卫生间很脏，位置真的很差 ,老板,positive,位置,negative,卫生间,negative,隔音,positive,网络信号,negative,,
网络信号也很差，根本无法上网，隔音很好，完全听不到旁边的声音，位置真的很差，我觉得老板人很好，卫生间很脏 ,老板,positive,位置,negative,卫生间,negative,隔音,positive,网络信号,negative,,
网络信号也很差，根本无法上网，隔音很好，完全听不到旁边的声音，位置真的很差，卫生间很脏，我觉得老板人很好 ,老板,positive,位置,negative,卫生间,negative,隔音,positive,网络信号,negative,,
网络信号也很差，根本无法上网，隔音很好，完全听不到旁边的声音，卫生间很脏，我觉得老板人很好，位置真的很差 ,老板,positive,位置,negative,卫生间,negative,隔音,positive,网络信号,negative,,
网络信号也很差，根本无法上网，隔音很好，完全听不到旁边的声音，卫生间很脏，位置真的很差，我觉得老板人很好 ,老板,positive,位置,negative,卫生间,negative,隔音,positive,网络信号,negative,,
卫生间很脏，位置真的很差，我觉得老板人很好，网络信号也很差，根本无法上网，隔音很好，完全听不到旁边的声音 ,老板,positive,位置,negative,卫生间,negative,隔音,positive,网络信号,negative,,
卫生间很脏，位置真的很差，隔音很好，完全听不到旁边的声音，我觉得老板人很好，网络信号也很差，根本无法上网 ,老板,positive,位置,negative,卫生间,negative,隔音,positive,网络信号,negative,,
卫生间很脏，位置真的很差，隔音很好，完全听不到旁边的声音，网络信号也很差，根本无法上网，我觉得老板人很好 ,老板,positive,位置,negative,卫生间,negative,隔音,positive,网络信号,negative,,
卫生间很脏，位置真的很差，网络信号也很差，根本无法上网，我觉得老板人很好，隔音很好，完全听不到旁边的声音 ,老板,positive,位置,negative,卫生间,negative,隔音,positive,网络信号,negative,,
卫生间很脏，位置真的很差，网络信号也很差，根本无法上网，隔音很好，完全听不到旁边的声音，我觉得老板人很好 ,老板,positive,位置,negative,卫生间,negative,隔音,positive,网络信号,negative,,
卫生间很脏，隔音很好，完全听不到旁边的声音，我觉得老板人很好，位置真的很差，网络信号也很差，根本无法上网 ,老板,positive,位置,negative,卫生间,negative,隔音,positive,网络信号,negative,,
卫生间很脏，我觉得老板人很好，网络信号也很差，根本无法上网，位置真的很差，隔音很好，完全听不到旁边的声音 ,老板,positive,位置,negative,卫生间,negative,隔音,positive,网络信号,negative,,
卫生间很脏，网络信号也很差，根本无法上网，隔音很好，完全听不到旁边的声音，位置真的很差，我觉得老板人很好 ,老板,positive,位置,negative,卫生间,negative,隔音,positive,网络信号,negative,,
隔音很好，完全听不到旁边的声音，我觉得老板人很好，位置真的很差，卫生间很脏，网络信号也很差，根本无法上网 ,老板,positive,位置,negative,卫生间,negative,隔音,positive,网络信号,negative,,
隔音很好，完全听不到旁边的声音，我觉得老板人很好，位置真的很差，网络信号也很差，根本无法上网，卫生间很脏 ,老板,positive,位置,negative,卫生间,negative,隔音,positive,网络信号,negative,,
隔音很好，完全听不到旁边的声音，我觉得老板人很好，卫生间很脏，位置真的很差，网络信号也很差，根本无法上网 ,老板,positive,位置,negative,卫生间,negative,隔音,positive,网络信号,negative,,
隔音很好，完全听不到旁边的声音，我觉得老板人很好，卫生间很脏，网络信号也很差，根本无法上网，位置真的很差 ,老板,positive,位置,negative,卫生间,negative,隔音,positive,网络信号,negative,,
隔音很好，完全听不到旁边的声音，我觉得老板人很好，网络信号也很差，根本无法上网，位置真的很差，卫生间很脏 ,老板,positive,位置,negative,卫生间,negative,隔音,positive,网络信号,negative,,
隔音很好，完全听不到旁边的声音，我觉得老板人很好，网络信号也很差，根本无法上网，卫生间很脏，位置真的很差 ,老板,positive,位置,negative,卫生间,negative,隔音,positive,网络信号,negative,,
隔音很好，完全听不到旁边的声音，位置真的很差，我觉得老板人很好，卫生间很脏，网络信号也很差，根本无法上网 ,老板,positive,位置,negative,卫生间,negative,隔音,positive,网络信号,negative,,
隔音很好，完全听不到旁边的声音，位置真的很差，我觉得老板人很好，网络信号也很差，根本无法上网，卫生间很脏 ,老板,positive,位置,negative,卫生间,negative,隔音,positive,网络信号,negative,,
隔音很好，完全听不到旁边的声音，位置真的很差，卫生间很脏，我觉得老板人很好，网络信号也很差，根本无法上网 ,老板,positive,位置,negative,卫生间,negative,隔音,positive,网络信号,negative,,
隔音很好，完全听不到旁边的声音，位置真的很差，卫生间很脏，网络信号也很差，根本无法上网，我觉得老板人很好 ,老板,positive,位置,negative,卫生间,negative,隔音,positive,网络信号,negative,,
隔音很好，完全听不到旁边的声音，位置真的很差，网络信号也很差，根本无法上网，我觉得老板人很好，卫生间很脏 ,老板,positive,位置,negative,卫生间,negative,隔音,positive,网络信号,negative,,
隔音很好，完全听不到旁边的声音，位置真的很差，网络信号也很差，根本无法上网，卫生间很脏，我觉得老板人很好 ,老板,positive,位置,negative,卫生间,negative,隔音,positive,网络信号,negative,,
隔音很好，完全听不到旁边的声音，位置真的很差，卫生间很脏，我觉得老板人很好，网络信号也很差，根本无法上网 ,老板,positive,位置,negative,卫生间,negative,隔音,positive,网络信号,negative,,
隔音很好，完全听不到旁边的声音，位置真的很差，卫生间很脏，网络信号也很差，根本无法上网，我觉得老板人很好 ,老板,positive,位置,negative,卫生间,negative,隔音,positive,网络信号,negative,,
隔音很好，完全听不到旁边的声音，位置真的很差，网络信号也很差，根本无法上网，我觉得老板人很好，卫生间很脏 ,老板,positive,位置,negative,卫生间,negative,隔音,positive,网络信号,negative,,
隔音很好，完全听不到旁边的声音，位置真的很差，网络信号也很差，根本无法上网，卫生间很脏，我觉得老板人很好 ,老板,positive,位置,negative,卫生间,negative,隔音,positive,网络信号,negative,,
隔音很好，完全听不到旁边的声音，卫生间很脏，我觉得老板人很好，位置真的很差，网络信号也很差，根本无法上网 ,老板,positive,位置,negative,卫生间,negative,隔音,positive,网络信号,negative,,
很赞的一次住宿体验，卫生条件没话说，房东大哥东北人，老实在了，天天送吃的，就是价格如果能再低一丢丢就好了 ,卫生,positive,房东,positive,价格,negative,,,,,,
很赞的一次住宿体验，卫生条件没话说，就是价格如果能再低一丢丢就好了，房东大哥东北人，老实在了，天天送吃的 ,卫生,positive,房东,positive,价格,negative,,,,,,
很赞的一次住宿体验，房东大哥东北人，老实在了，天天送吃的，卫生条件没话说，就是价格如果能再低一丢丢就好了 ,卫生,positive,房东,positive,价格,negative,,,,,,
很赞的一次住宿体验，房东大哥东北人，老实在了，天天送吃的，就是价格如果能再低一丢丢就好了，卫生条件没话说 ,卫生,positive,房东,positive,价格,negative,,,,,,
很赞的一次住宿体验，就是价格如果能再低一丢丢就好了，卫生条件没话说，房东大哥东北人，老实在了，天天送吃的 ,卫生,positive,房东,positive,价格,negative,,,,,,
很赞的一次住宿体验，就是价格如果能再低一丢丢就好了，房东大哥东北人，老实在了，天天送吃的，卫生条件没话说 ,卫生,positive,房东,positive,价格,negative,,,,,,
卫生条件没话说，很赞的一次住宿体验，房东大哥东北人，老实在了，天天送吃的，就是价格如果能再低一丢丢就好了 ,卫生,positive,房东,positive,价格,negative,,,,,,
卫生条件没话说，很赞的一次住宿体验，就是价格如果能再低一丢丢就好了，房东大哥东北人，老实在了，天天送吃的 ,卫生,positive,房东,positive,价格,negative,,,,,,
卫生条件没话说，房东大哥东北人，老实在了，天天送吃的，很赞的一次住宿体验，就是价格如果能再低一丢丢就好了 ,卫生,positive,房东,positive,价格,negative,,,,,,
卫生条件没话说，房东大哥东北人，老实在了，天天送吃的，就是价格如果能再低一丢丢就好了，很赞的一次住宿体验 ,卫生,positive,房东,positive,价格,negative,,,,,,
卫生条件没话说，就是价格如果能再低一丢丢就好了，很赞的一次住宿体验，房东大哥东北人，老实在了，天天送吃的 ,卫生,positive,房东,positive,价格,negative,,,,,,
卫生条件没话说，就是价格如果能再低一丢丢就好了，房东大哥东北人，老实在了，天天送吃的，很赞的一次住宿体验 ,卫生,positive,房东,positive,价格,negative,,,,,,
房东大哥东北人，老实在了，天天送吃的，很赞的一次住宿体验，卫生条件没话说，就是价格如果能再低一丢丢就好了 ,卫生,positive,房东,positive,价格,negative,,,,,,
房东大哥东北人，老实在了，天天送吃的，很赞的一次住宿体验，就是价格如果能再低一丢丢就好了，卫生条件没话说 ,卫生,positive,房东,positive,价格,negative,,,,,,
看到这条评论就别来这家了，除了位置好一点以外没啥优点，环境脏乱差不说，向老板反应问题他睬都不睬我，就当花钱买教训了 ,位置,positive,环境,negative,老板,negative,,,,,,
看到这条评论就别来这家了，除了位置好一点以外没啥优点，环境脏乱差不说，就当花钱买教训了，向老板反应问题他睬都不睬我 ,位置,positive,环境,negative,老板,negative,,,,,,
看到这条评论就别来这家了，除了位置好一点以外没啥优点，向老板反应问题他睬都不睬我，环境脏乱差不说，就当花钱买教训了 ,位置,positive,环境,negative,老板,negative,,,,,,
看到这条评论就别来这家了，除了位置好一点以外没啥优点，向老板反应问题他睬都不睬我，就当花钱买教训了，环境脏乱差不说 ,位置,positive,环境,negative,老板,negative,,,,,,
看到这条评论就别来这家了，除了位置好一点以外没啥优点，就当花钱买教训了，环境脏乱差不说，向老板反应问题他睬都不睬我 ,位置,positive,环境,negative,老板,negative,,,,,,
看到这条评论就别来这家了，除了位置好一点以外没啥优点，就当花钱买教训了，向老板反应问题他睬都不睬我，环境脏乱差不说 ,位置,positive,环境,negative,老板,negative,,,,,,
看到这条评论就别来这家了，环境脏乱差不说，除了位置好一点以外没啥优点，向老板反应问题他睬都不睬我，就当花钱买教训了 ,位置,positive,环境,negative,老板,negative,,,,,,
看到这条评论就别来这家了，环境脏乱差不说，除了位置好一点以外没啥优点，就当花钱买教训了，向老板反应问题他睬都不睬我 ,位置,positive,环境,negative,老板,negative,,,,,,
看到这条评论就别来这家了，环境脏乱差不说，向老板反应问题他睬都不睬我，除了位置好一点以外没啥优点，就当花钱买教训了 ,位置,positive,环境,negative,老板,negative,,,,,,
看到这条评论就别来这家了，环境脏乱差不说，向老板反应问题他睬都不睬我，就当花钱买教训了，除了位置好一点以外没啥优点 ,位置,positive,环境,negative,老板,negative,,,,,,
看到这条评论就别来这家了，环境脏乱差不说，就当花钱买教训了，除了位置好一点以外没啥优点，向老板反应问题他睬都不睬我 ,位置,positive,环境,negative,老板,negative,,,,,,
看到这条评论就别来这家了，环境脏乱差不说，就当花钱买教训了，向老板反应问题他睬都不睬我，除了位置好一点以外没啥优点 ,位置,positive,环境,negative,老板,negative,,,,,,
看到这条评论就别来这家了，向老板反应问题他睬都不睬我，除了位置好一点以外没啥优点，环境脏乱差不说，就当花钱买教训了 ,位置,positive,环境,negative,老板,negative,,,,,,
看到这条评论就别来这家了，向老板反应问题他睬都不睬我，除了位置好一点以外没啥优点，就当花钱买教训了，环境脏乱差不说 ,位置,positive,环境,negative,老板,negative,,,,,,
看到这条评论就别来这家了，向老板反应问题他睬都不睬我，环境脏乱差不说，除了位置好一点以外没啥优点，就当花钱买教训了 ,位置,positive,环境,negative,老板,negative,,,,,,
看到这条评论就别来这家了，向老板反应问题他睬都不睬我，环境脏乱差不说，就当花钱买教训了，除了位置好一点以外没啥优点 ,位置,positive,环境,negative,老板,negative,,,,,,
看到这条评论就别来这家了，向老板反应问题他睬都不睬我，就当花钱买教训了，除了位置好一点以外没啥优点，环境脏乱差不说 ,位置,positive,环境,negative,老板,negative,,,,,,
看到这条评论就别来这家了，向老板反应问题他睬都不睬我，就当花钱买教训了，环境脏乱差不说，除了位置好一点以外没啥优点 ,位置,positive,环境,negative,老板,negative,,,,,,
看到这条评论就别来这家了，就当花钱买教训了，除了位置好一点以外没啥优点，环境脏乱差不说，向老板反应问题他睬都不睬我 ,位置,positive,环境,negative,老板,negative,,,,,,
看到这条评论就别来这家了，就当花钱买教训了，除了位置好一点以外没啥优点，向老板反应问题他睬都不睬我，环境脏乱差不说 ,位置,positive,环境,negative,老板,negative,,,,,,
看到这条评论就别来这家了，就当花钱买教训了，环境脏乱差不说，除了位置好一点以外没啥优点，向老板反应问题他睬都不睬我 ,位置,positive,环境,negative,老板,negative,,,,,,
看到这条评论就别来这家了，就当花钱买教训了，环境脏乱差不说，向老板反应问题他睬都不睬我，除了位置好一点以外没啥优点 ,位置,positive,环境,negative,老板,negative,,,,,,
看到这条评论就别来这家了，就当花钱买教训了，向老板反应问题他睬都不睬我，除了位置好一点以外没啥优点，环境脏乱差不说 ,位置,positive,环境,negative,老板,negative,,,,,,
看到这条评论就别来这家了，就当花钱买教训了，向老板反应问题他睬都不睬我，环境脏乱差不说，除了位置好一点以外没啥优点 ,位置,positive,环境,negative,老板,negative,,,,,,
除了位置好一点以外没啥优点，环境脏乱差不说，向老板反应问题他睬都不睬我，就当花钱买教训了，看到这条评论就别来这家了 ,位置,positive,环境,negative,老板,negative,,,,,,
除了位置好一点以外没啥优点，环境脏乱差不说，就当花钱买教训了，看到这条评论就别来这家了，向老板反应问题他睬都不睬我 ,位置,positive,环境,negative,老板,negative,,,,,,
除了位置好一点以外没啥优点，环境脏乱差不说，就当花钱买教训了，向老板反应问题他睬都不睬我，看到这条评论就别来这家了 ,位置,positive,环境,negative,老板,negative,,,,,,
除了位置好一点以外没啥优点，向老板反应问题他睬都不睬我，看到这条评论就别来这家了，环境脏乱差不说，就当花钱买教训了 ,位置,positive,环境,negative,老板,negative,,,,,,
除了位置好一点以外没啥优点，向老板反应问题他睬都不睬我，看到这条评论就别来这家了，就当花钱买教训了，环境脏乱差不说 ,位置,positive,环境,negative,老板,negative,,,,,,
除了位置好一点以外没啥优点，向老板反应问题他睬都不睬我，环境脏乱差不说，看到这条评论就别来这家了，就当花钱买教训了 ,位置,positive,环境,negative,老板,negative,,,,,,
除了位置好一点以外没啥优点，向老板反应问题他睬都不睬我，环境脏乱差不说，就当花钱买教训了，看到这条评论就别来这家了 ,位置,positive,环境,negative,老板,negative,,,,,,
除了位置好一点以外没啥优点，向老板反应问题他睬都不睬我，就当花钱买教训了，看到这条评论就别来这家了，环境脏乱差不说 ,位置,positive,环境,negative,老板,negative,,,,,,
除了位置好一点以外没啥优点，向老板反应问题他睬都不睬我，就当花钱买教训了，环境脏乱差不说，看到这条评论就别来这家了 ,位置,positive,环境,negative,老板,negative,,,,,,
除了位置好一点以外没啥优点，就当花钱买教训了，看到这条评论就别来这家了，环境脏乱差不说，向老板反应问题他睬都不睬我 ,位置,positive,环境,negative,老板,negative,,,,,,
除了位置好一点以外没啥优点，就当花钱买教训了，看到这条评论就别来这家了，向老板反应问题他睬都不睬我，环境脏乱差不说 ,位置,positive,环境,negative,老板,negative,,,,,,
除了位置好一点以外没啥优点，就当花钱买教训了，环境脏乱差不说，看到这条评论就别来这家了，向老板反应问题他睬都不睬我 ,位置,positive,环境,negative,老板,negative,,,,,,
向老板反应问题他睬都不睬我，看到这条评论就别来这家了，就当花钱买教训了，除了位置好一点以外没啥优点，环境脏乱差不说 ,位置,positive,环境,negative,老板,negative,,,,,,
向老板反应问题他睬都不睬我，看到这条评论就别来这家了，就当花钱买教训了，环境脏乱差不说，除了位置好一点以外没啥优点 ,位置,positive,环境,negative,老板,negative,,,,,,
向老板反应问题他睬都不睬我，除了位置好一点以外没啥优点，看到这条评论就别来这家了，环境脏乱差不说，就当花钱买教训了 ,位置,positive,环境,negative,老板,negative,,,,,,
向老板反应问题他睬都不睬我，除了位置好一点以外没啥优点，看到这条评论就别来这家了，就当花钱买教训了，环境脏乱差不说 ,位置,positive,环境,negative,老板,negative,,,,,,
向老板反应问题他睬都不睬我，除了位置好一点以外没啥优点，环境脏乱差不说，看到这条评论就别来这家了，就当花钱买教训了 ,位置,positive,环境,negative,老板,negative,,,,,,
就当花钱买教训了，看到这条评论就别来这家了，向老板反应问题他睬都不睬我，环境脏乱差不说，除了位置好一点以外没啥优点 ,位置,positive,环境,negative,老板,negative,,,,,,
就当花钱买教训了，除了位置好一点以外没啥优点，看到这条评论就别来这家了，环境脏乱差不说，向老板反应问题他睬都不睬我 ,位置,positive,环境,negative,老板,negative,,,,,,
就当花钱买教训了，除了位置好一点以外没啥优点，看到这条评论就别来这家了，向老板反应问题他睬都不睬我，环境脏乱差不说 ,位置,positive,环境,negative,老板,negative,,,,,,
就当花钱买教训了，除了位置好一点以外没啥优点，环境脏乱差不说，看到这条评论就别来这家了，向老板反应问题他睬都不睬我 ,位置,positive,环境,negative,老板,negative,,,,,,
就当花钱买教训了，除了位置好一点以外没啥优点，环境脏乱差不说，向老板反应问题他睬都不睬我，看到这条评论就别来这家了 ,位置,positive,环境,negative,老板,negative,,,,,,
就当花钱买教训了，除了位置好一点以外没啥优点，向老板反应问题他睬都不睬我，看到这条评论就别来这家了，环境脏乱差不说 ,位置,positive,环境,negative,老板,negative,,,,,,
就当花钱买教训了，除了位置好一点以外没啥优点，向老板反应问题他睬都不睬我，环境脏乱差不说，看到这条评论就别来这家了 ,位置,positive,环境,negative,老板,negative,,,,,,
就当花钱买教训了，环境脏乱差不说，看到这条评论就别来这家了，除了位置好一点以外没啥优点，向老板反应问题他睬都不睬我 ,位置,positive,环境,negative,老板,negative,,,,,,
就当花钱买教训了，环境脏乱差不说，看到这条评论就别来这家了，向老板反应问题他睬都不睬我，除了位置好一点以外没啥优点 ,位置,positive,环境,negative,老板,negative,,,,,,
就当花钱买教训了，环境脏乱差不说，除了位置好一点以外没啥优点，看到这条评论就别来这家了，向老板反应问题他睬都不睬我 ,位置,positive,环境,negative,老板,negative,,,,,,
就当花钱买教训了，环境脏乱差不说，除了位置好一点以外没啥优点，向老板反应问题他睬都不睬我，看到这条评论就别来这家了 ,位置,positive,环境,negative,老板,negative,,,,,,
就当花钱买教训了，环境脏乱差不说，向老板反应问题他睬都不睬我，看到这条评论就别来这家了，除了位置好一点以外没啥优点 ,位置,positive,环境,negative,老板,negative,,,,,,
就当花钱买教训了，环境脏乱差不说，向老板反应问题他睬都不睬我，除了位置好一点以外没啥优点，看到这条评论就别来这家了 ,位置,positive,环境,negative,老板,negative,,,,,,
就当花钱买教训了，向老板反应问题他睬都不睬我，看到这条评论就别来这家了，除了位置好一点以外没啥优点，环境脏乱差不说 ,位置,positive,环境,negative,老板,negative,,,,,,
就当花钱买教训了，向老板反应问题他睬都不睬我，看到这条评论就别来这家了，环境脏乱差不说，除了位置好一点以外没啥优点 ,位置,positive,环境,negative,老板,negative,,,,,,
就当花钱买教训了，向老板反应问题他睬都不睬我，除了位置好一点以外没啥优点，看到这条评论就别来这家了，环境脏乱差不说 ,位置,positive,环境,negative,老板,negative,,,,,,
就当花钱买教训了，向老板反应问题他睬都不睬我，除了位置好一点以外没啥优点，环境脏乱差不说，看到这条评论就别来这家了 ,位置,positive,环境,negative,老板,negative,,,,,,
就当花钱买教训了，向老板反应问题他睬都不睬我，环境脏乱差不说，看到这条评论就别来这家了，除了位置好一点以外没啥优点 ,位置,positive,环境,negative,老板,negative,,,,,,
就当花钱买教训了，向老板反应问题他睬都不睬我，环境脏乱差不说，除了位置好一点以外没啥优点，看到这条评论就别来这家了 ,位置,positive,环境,negative,老板,negative,,,,,,
网站上照片和实际情况严重不符，修图太过了，浴室出热水很不稳定，大冬天的特别冷，楼梯很陡峭，很危险，估计是长时间没人住就没人打扫，地上一层灰，价格倒是很便宜 ,浴室,negative,楼梯,negative,价格,positive,,,,,,
网站上照片和实际情况严重不符，修图太过了，浴室出热水很不稳定，大冬天的特别冷，楼梯很陡峭，很危险，价格倒是很便宜，估计是长时间没人住就没人打扫，地上一层灰 ,浴室,negative,楼梯,negative,价格,positive,,,,,,
网站上照片和实际情况严重不符，修图太过了，浴室出热水很不稳定，大冬天的特别冷，估计是长时间没人住就没人打扫，地上一层灰，楼梯很陡峭，很危险，价格倒是很便宜 ,浴室,negative,楼梯,negative,价格,positive,,,,,,
网站上照片和实际情况严重不符，修图太过了，浴室出热水很不稳定，大冬天的特别冷，估计是长时间没人住就没人打扫，地上一层灰，价格倒是很便宜，楼梯很陡峭，很危险 ,浴室,negative,楼梯,negative,价格,positive,,,,,,
网站上照片和实际情况严重不符，修图太过了，浴室出热水很不稳定，大冬天的特别冷，价格倒是很便宜，楼梯很陡峭，很危险，估计是长时间没人住就没人打扫，地上一层灰 ,浴室,negative,楼梯,negative,价格,positive,,,,,,
网站上照片和实际情况严重不符，修图太过了，浴室出热水很不稳定，大冬天的特别冷，价格倒是很便宜，估计是长时间没人住就没人打扫，地上一层灰，楼梯很陡峭，很危险 ,浴室,negative,楼梯,negative,价格,positive,,,,,,
网站上照片和实际情况严重不符，修图太过了，楼梯很陡峭，很危险，浴室出热水很不稳定，大冬天的特别冷，估计是长时间没人住就没人打扫，地上一层灰，价格倒是很便宜 ,浴室,negative,楼梯,negative,价格,positive,,,,,,
网站上照片和实际情况严重不符，修图太过了，楼梯很陡峭，很危险，浴室出热水很不稳定，大冬天的特别冷，价格倒是很便宜，估计是长时间没人住就没人打扫，地上一层灰 ,浴室,negative,楼梯,negative,价格,positive,,,,,,
网站上照片和实际情况严重不符，修图太过了，楼梯很陡峭，很危险，估计是长时间没人住就没人打扫，地上一层灰，浴室出热水很不稳定，大冬天的特别冷，价格倒是很便宜 ,浴室,negative,楼梯,negative,价格,positive,,,,,,
网站上照片和实际情况严重不符，修图太过了，楼梯很陡峭，很危险，估计是长时间没人住就没人打扫，地上一层灰，价格倒是很便宜，浴室出热水很不稳定，大冬天的特别冷 ,浴室,negative,楼梯,negative,价格,positive,,,,,,
网站上照片和实际情况严重不符，修图太过了，楼梯很陡峭，很危险，价格倒是很便宜，浴室出热水很不稳定，大冬天的特别冷，估计是长时间没人住就没人打扫，地上一层灰 ,浴室,negative,楼梯,negative,价格,positive,,,,,,
网站上照片和实际情况严重不符，修图太过了，楼梯很陡峭，很危险，价格倒是很便宜，估计是长时间没人住就没人打扫，地上一层灰，浴室出热水很不稳定，大冬天的特别冷 ,浴室,negative,楼梯,negative,价格,positive,,,,,,
网站上照片和实际情况严重不符，修图太过了，估计是长时间没人住就没人打扫，地上一层灰，浴室出热水很不稳定，大冬天的特别冷，楼梯很陡峭，很危险，价格倒是很便宜 ,浴室,negative,楼梯,negative,价格,positive,,,,,,
网站上照片和实际情况严重不符，修图太过了，估计是长时间没人住就没人打扫，地上一层灰，浴室出热水很不稳定，大冬天的特别冷，价格倒是很便宜，楼梯很陡峭，很危险 ,浴室,negative,楼梯,negative,价格,positive,,,,,,
网站上照片和实际情况严重不符，修图太过了，价格倒是很便宜，估计是长时间没人住就没人打扫，地上一层灰，浴室出热水很不稳定，大冬天的特别冷，楼梯很陡峭，很危险 ,浴室,negative,楼梯,negative,价格,positive,,,,,,
网站上照片和实际情况严重不符，修图太过了，价格倒是很便宜，估计是长时间没人住就没人打扫，地上一层灰，楼梯很陡峭，很危险，浴室出热水很不稳定，大冬天的特别冷 ,浴室,negative,楼梯,negative,价格,positive,,,,,,
浴室出热水很不稳定，大冬天的特别冷，网站上照片和实际情况严重不符，修图太过了，楼梯很陡峭，很危险，估计是长时间没人住就没人打扫，地上一层灰，价格倒是很便宜 ,浴室,negative,楼梯,negative,价格,positive,,,,,,
浴室出热水很不稳定，大冬天的特别冷，网站上照片和实际情况严重不符，修图太过了，楼梯很陡峭，很危险，价格倒是很便宜，估计是长时间没人住就没人打扫，地上一层灰 ,浴室,negative,楼梯,negative,价格,positive,,,,,,
浴室出热水很不稳定，大冬天的特别冷，网站上照片和实际情况严重不符，修图太过了，估计是长时间没人住就没人打扫，地上一层灰，楼梯很陡峭，很危险，价格倒是很便宜 ,浴室,negative,楼梯,negative,价格,positive,,,,,,
浴室出热水很不稳定，大冬天的特别冷，网站上照片和实际情况严重不符，修图太过了，估计是长时间没人住就没人打扫，地上一层灰，价格倒是很便宜，楼梯很陡峭，很危险 ,浴室,negative,楼梯,negative,价格,positive,,,,,,
浴室出热水很不稳定，大冬天的特别冷，估计是长时间没人住就没人打扫，地上一层灰，价格倒是很便宜，楼梯很陡峭，很危险，网站上照片和实际情况严重不符，修图太过了 ,浴室,negative,楼梯,negative,价格,positive,,,,,,
浴室出热水很不稳定，大冬天的特别冷，价格倒是很便宜，网站上照片和实际情况严重不符，修图太过了，楼梯很陡峭，很危险，估计是长时间没人住就没人打扫，地上一层灰 ,浴室,negative,楼梯,negative,价格,positive,,,,,,
浴室出热水很不稳定，大冬天的特别冷，价格倒是很便宜，估计是长时间没人住就没人打扫，地上一层灰，楼梯很陡峭，很危险，网站上照片和实际情况严重不符，修图太过了 ,浴室,negative,楼梯,negative,价格,positive,,,,,,
楼梯很陡峭，很危险，网站上照片和实际情况严重不符，修图太过了，浴室出热水很不稳定，大冬天的特别冷，估计是长时间没人住就没人打扫，地上一层灰，价格倒是很便宜 ,浴室,negative,楼梯,negative,价格,positive,,,,,,
楼梯很陡峭，很危险，网站上照片和实际情况严重不符，修图太过了，浴室出热水很不稳定，大冬天的特别冷，价格倒是很便宜，估计是长时间没人住就没人打扫，地上一层灰 ,浴室,negative,楼梯,negative,价格,positive,,,,,,
楼梯很陡峭，很危险，价格倒是很便宜，网站上照片和实际情况严重不符，修图太过了，估计是长时间没人住就没人打扫，地上一层灰，浴室出热水很不稳定，大冬天的特别冷 ,浴室,negative,楼梯,negative,价格,positive,,,,,,
楼梯很陡峭，很危险，价格倒是很便宜，浴室出热水很不稳定，大冬天的特别冷，网站上照片和实际情况严重不符，修图太过了，估计是长时间没人住就没人打扫，地上一层灰 ,浴室,negative,楼梯,negative,价格,positive,,,,,,
价格倒是很便宜，浴室出热水很不稳定，大冬天的特别冷，估计是长时间没人住就没人打扫，地上一层灰，楼梯很陡峭，很危险，网站上照片和实际情况严重不符，修图太过了 ,浴室,negative,楼梯,negative,价格,positive,,,,,,
价格倒是很便宜，楼梯很陡峭，很危险，网站上照片和实际情况严重不符，修图太过了，浴室出热水很不稳定，大冬天的特别冷，估计是长时间没人住就没人打扫，地上一层灰 ,浴室,negative,楼梯,negative,价格,positive,,,,,,
价格倒是很便宜，楼梯很陡峭，很危险，网站上照片和实际情况严重不符，修图太过了，估计是长时间没人住就没人打扫，地上一层灰，浴室出热水很不稳定，大冬天的特别冷 ,浴室,negative,楼梯,negative,价格,positive,,,,,,
价格倒是很便宜，楼梯很陡峭，很危险，浴室出热水很不稳定，大冬天的特别冷，网站上照片和实际情况严重不符，修图太过了，估计是长时间没人住就没人打扫，地上一层灰 ,浴室,negative,楼梯,negative,价格,positive,,,,,,
价格倒是很便宜，楼梯很陡峭，很危险，浴室出热水很不稳定，大冬天的特别冷，估计是长时间没人住就没人打扫，地上一层灰，网站上照片和实际情况严重不符，修图太过了 ,浴室,negative,楼梯,negative,价格,positive,,,,,,
价格倒是很便宜，估计是长时间没人住就没人打扫，地上一层灰，网站上照片和实际情况严重不符，修图太过了，楼梯很陡峭，很危险，浴室出热水很不稳定，大冬天的特别冷 ,浴室,negative,楼梯,negative,价格,positive,,,,,,
价格倒是很便宜，估计是长时间没人住就没人打扫，地上一层灰，浴室出热水很不稳定，大冬天的特别冷，网站上照片和实际情况严重不符，修图太过了，楼梯很陡峭，很危险 ,浴室,negative,楼梯,negative,价格,positive,,,,,,
价格倒是很便宜，估计是长时间没人住就没人打扫，地上一层灰，浴室出热水很不稳定，大冬天的特别冷，楼梯很陡峭，很危险，网站上照片和实际情况严重不符，修图太过了 ,浴室,negative,楼梯,negative,价格,positive,,,,,,
价格倒是很便宜，估计是长时间没人住就没人打扫，地上一层灰，楼梯很陡峭，很危险，网站上照片和实际情况严重不符，修图太过了，浴室出热水很不稳定，大冬天的特别冷 ,浴室,negative,楼梯,negative,价格,positive,,,,,,
价格倒是很便宜，估计是长时间没人住就没人打扫，地上一层灰，楼梯很陡峭，很危险，浴室出热水很不稳定，大冬天的特别冷，网站上照片和实际情况严重不符，修图太过了 ,浴室,negative,楼梯,negative,价格,positive,,,,,,
房东小姐姐人很好，环境也很温馨，价格有点贵，只是位置比较偏远，周边没有地铁站 ,房东,positive,环境,positive,价格,negative,位置,negative,,,,
房东小姐姐人很好，环境也很温馨，只是位置比较偏远，周边没有地铁站，价格有点贵 ,房东,positive,环境,positive,价格,negative,位置,negative,,,,
房东小姐姐人很好，价格有点贵，环境也很温馨，只是位置比较偏远，周边没有地铁站 ,房东,positive,环境,positive,价格,negative,位置,negative,,,,
房东小姐姐人很好，价格有点贵，只是位置比较偏远，周边没有地铁站，环境也很温馨 ,房东,positive,环境,positive,价格,negative,位置,negative,,,,
房东小姐姐人很好，只是位置比较偏远，周边没有地铁站，环境也很温馨，价格有点贵 ,房东,positive,环境,positive,价格,negative,位置,negative,,,,
房东小姐姐人很好，只是位置比较偏远，周边没有地铁站，价格有点贵，环境也很温馨 ,房东,positive,环境,positive,价格,negative,位置,negative,,,,
价格有点贵，环境也很温馨，房东小姐姐人很好，只是位置比较偏远，周边没有地铁站 ,房东,positive,环境,positive,价格,negative,位置,negative,,,,
价格有点贵，环境也很温馨，只是位置比较偏远，周边没有地铁站，房东小姐姐人很好 ,房东,positive,环境,positive,价格,negative,位置,negative,,,,
价格有点贵，只是位置比较偏远，周边没有地铁站，房东小姐姐人很好，环境也很温馨 ,房东,positive,环境,positive,价格,negative,位置,negative,,,,
价格有点贵，只是位置比较偏远，周边没有地铁站，环境也很温馨，房东小姐姐人很好 ,房东,positive,环境,positive,价格,negative,位置,negative,,,,
只是位置比较偏远，周边没有地铁站，房东小姐姐人很好，环境也很温馨，价格有点贵 ,房东,positive,环境,positive,价格,negative,位置,negative,,,,
只是位置比较偏远，周边没有地铁站，房东小姐姐人很好，价格有点贵，环境也很温馨 ,房东,positive,环境,positive,价格,negative,位置,negative,,,,
只是位置比较偏远，周边没有地铁站，环境也很温馨，房东小姐姐人很好，价格有点贵 ,房东,positive,环境,positive,价格,negative,位置,negative,,,,
只是位置比较偏远，周边没有地铁站，环境也很温馨，价格有点贵，房东小姐姐人很好 ,房东,positive,环境,positive,价格,negative,位置,negative,,,,
只是位置比较偏远，周边没有地铁站，价格有点贵，房东小姐姐人很好，环境也很温馨 ,房东,positive,环境,positive,价格,negative,位置,negative,,,,
只是位置比较偏远，周边没有地铁站，价格有点贵，环境也很温馨，房东小姐姐人很好 ,房东,positive,环境,positive,价格,negative,位置,negative,,,,
个人感觉还不错，店主比较热情，周边就有公交车站和地铁站很方便，这么便宜性价比很高，被子看起来也没换过，卫生有待加强 ,店主,positive,卫生,negative,性价比,positive,卫生间,negative,被子,negative,,
个人感觉还不错，店主比较热情，周边就有公交车站和地铁站很方便，这么便宜性价比很高，卫生有待加强，被子看起来也没换过 ,店主,positive,卫生,negative,性价比,positive,卫生间,negative,被子,negative,,
个人感觉还不错，店主比较热情，周边就有公交车站和地铁站很方便，被子看起来也没换过，这么便宜性价比很高，卫生有待加强 ,店主,positive,卫生,negative,性价比,positive,卫生间,negative,被子,negative,,
个人感觉还不错，店主比较热情，周边就有公交车站和地铁站很方便，被子看起来也没换过，卫生有待加强，这么便宜性价比很高 ,店主,positive,卫生,negative,性价比,positive,卫生间,negative,被子,negative,,
个人感觉还不错，店主比较热情，被子看起来也没换过，这么便宜性价比很高，周边就有公交车站和地铁站很方便，卫生有待加强 ,店主,positive,卫生,negative,性价比,positive,卫生间,negative,被子,negative,,
个人感觉还不错，店主比较热情，被子看起来也没换过，这么便宜性价比很高，卫生有待加强，周边就有公交车站和地铁站很方便 ,店主,positive,卫生,negative,性价比,positive,卫生间,negative,被子,negative,,
个人感觉还不错，店主比较热情，被子看起来也没换过，卫生有待加强，周边就有公交车站和地铁站很方便，这么便宜性价比很高 ,店主,positive,卫生,negative,性价比,positive,卫生间,negative,被子,negative,,
个人感觉还不错，店主比较热情，被子看起来也没换过，卫生有待加强，这么便宜性价比很高，周边就有公交车站和地铁站很方便 ,店主,positive,卫生,negative,性价比,positive,卫生间,negative,被子,negative,,
个人感觉还不错，店主比较热情，卫生有待加强，周边就有公交车站和地铁站很方便，这么便宜性价比很高，被子看起来也没换过 ,店主,positive,卫生,negative,性价比,positive,卫生间,negative,被子,negative,,
个人感觉还不错，周边就有公交车站和地铁站很方便，卫生有待加强，这么便宜性价比很高，店主比较热情，被子看起来也没换过 ,店主,positive,卫生,negative,性价比,positive,卫生间,negative,被子,negative,,
个人感觉还不错，周边就有公交车站和地铁站很方便，卫生有待加强，这么便宜性价比很高，被子看起来也没换过，店主比较热情 ,店主,positive,卫生,negative,性价比,positive,卫生间,negative,被子,negative,,
个人感觉还不错，周边就有公交车站和地铁站很方便，卫生有待加强，被子看起来也没换过，店主比较热情，这么便宜性价比很高 ,店主,positive,卫生,negative,性价比,positive,卫生间,negative,被子,negative,,
个人感觉还不错，周边就有公交车站和地铁站很方便，卫生有待加强，被子看起来也没换过，这么便宜性价比很高，店主比较热情 ,店主,positive,卫生,negative,性价比,positive,卫生间,negative,被子,negative,,
个人感觉还不错，这么便宜性价比很高，店主比较热情，周边就有公交车站和地铁站很方便，被子看起来也没换过，卫生有待加强 ,店主,positive,卫生,negative,性价比,positive,卫生间,negative,被子,negative,,
个人感觉还不错，这么便宜性价比很高，店主比较热情，周边就有公交车站和地铁站很方便，卫生有待加强，被子看起来也没换过 ,店主,positive,卫生,negative,性价比,positive,卫生间,negative,被子,negative,,
个人感觉还不错，被子看起来也没换过，店主比较热情，周边就有公交车站和地铁站很方便，这么便宜性价比很高，卫生有待加强 ,店主,positive,卫生,negative,性价比,positive,卫生间,negative,被子,negative,,
个人感觉还不错，被子看起来也没换过，店主比较热情，周边就有公交车站和地铁站很方便，卫生有待加强，这么便宜性价比很高 ,店主,positive,卫生,negative,性价比,positive,卫生间,negative,被子,negative,,
个人感觉还不错，被子看起来也没换过，店主比较热情，这么便宜性价比很高，周边就有公交车站和地铁站很方便，卫生有待加强 ,店主,positive,卫生,negative,性价比,positive,卫生间,negative,被子,negative,,
个人感觉还不错，被子看起来也没换过，店主比较热情，这么便宜性价比很高，卫生有待加强，周边就有公交车站和地铁站很方便 ,店主,positive,卫生,negative,性价比,positive,卫生间,negative,被子,negative,,
个人感觉还不错，被子看起来也没换过，店主比较热情，卫生有待加强，周边就有公交车站和地铁站很方便，这么便宜性价比很高 ,店主,positive,卫生,negative,性价比,positive,卫生间,negative,被子,negative,,
个人感觉还不错，被子看起来也没换过，店主比较热情，卫生有待加强，这么便宜性价比很高，周边就有公交车站和地铁站很方便 ,店主,positive,卫生,negative,性价比,positive,卫生间,negative,被子,negative,,
个人感觉还不错，被子看起来也没换过，卫生有待加强，这么便宜性价比很高，店主比较热情，周边就有公交车站和地铁站很方便 ,店主,positive,卫生,negative,性价比,positive,卫生间,negative,被子,negative,,
个人感觉还不错，被子看起来也没换过，卫生有待加强，这么便宜性价比很高，周边就有公交车站和地铁站很方便，店主比较热情 ,店主,positive,卫生,negative,性价比,positive,卫生间,negative,被子,negative,,
个人感觉还不错，卫生有待加强，店主比较热情，周边就有公交车站和地铁站很方便，这么便宜性价比很高，被子看起来也没换过 ,店主,positive,卫生,negative,性价比,positive,卫生间,negative,被子,negative,,
个人感觉还不错，卫生有待加强，店主比较热情，周边就有公交车站和地铁站很方便，被子看起来也没换过，这么便宜性价比很高 ,店主,positive,卫生,negative,性价比,positive,卫生间,negative,被子,negative,,
被子看起来也没换过，个人感觉还不错，卫生有待加强，这么便宜性价比很高，店主比较热情，周边就有公交车站和地铁站很方便 ,店主,positive,卫生,negative,性价比,positive,卫生间,negative,被子,negative,,
被子看起来也没换过，周边就有公交车站和地铁站很方便，个人感觉还不错，这么便宜性价比很高，卫生有待加强，店主比较热情 ,店主,positive,卫生,negative,性价比,positive,卫生间,negative,被子,negative,,
被子看起来也没换过，周边就有公交车站和地铁站很方便，个人感觉还不错，卫生有待加强，店主比较热情，这么便宜性价比很高 ,店主,positive,卫生,negative,性价比,positive,卫生间,negative,被子,negative,,
被子看起来也没换过，周边就有公交车站和地铁站很方便，个人感觉还不错，卫生有待加强，这么便宜性价比很高，店主比较热情 ,店主,positive,卫生,negative,性价比,positive,卫生间,negative,被子,negative,,
被子看起来也没换过，这么便宜性价比很高，周边就有公交车站和地铁站很方便，店主比较热情，卫生有待加强，个人感觉还不错 ,店主,positive,卫生,negative,性价比,positive,卫生间,negative,被子,negative,,
被子看起来也没换过，这么便宜性价比很高，周边就有公交车站和地铁站很方便，卫生有待加强，个人感觉还不错，店主比较热情 ,店主,positive,卫生,negative,性价比,positive,卫生间,negative,被子,negative,,
被子看起来也没换过，这么便宜性价比很高，周边就有公交车站和地铁站很方便，卫生有待加强，店主比较热情，个人感觉还不错 ,店主,positive,卫生,negative,性价比,positive,卫生间,negative,被子,negative,,
卫生有待加强，这么便宜性价比很高，个人感觉还不错，周边就有公交车站和地铁站很方便，店主比较热情，被子看起来也没换过 ,店主,positive,卫生,negative,性价比,positive,卫生间,negative,被子,negative,,
卫生有待加强，这么便宜性价比很高，个人感觉还不错，周边就有公交车站和地铁站很方便，被子看起来也没换过，店主比较热情 ,店主,positive,卫生,negative,性价比,positive,卫生间,negative,被子,negative,,
卫生有待加强，这么便宜性价比很高，个人感觉还不错，被子看起来也没换过，店主比较热情，周边就有公交车站和地铁站很方便 ,店主,positive,卫生,negative,性价比,positive,卫生间,negative,被子,negative,,
卫生有待加强，这么便宜性价比很高，个人感觉还不错，被子看起来也没换过，周边就有公交车站和地铁站很方便，店主比较热情 ,店主,positive,卫生,negative,性价比,positive,卫生间,negative,被子,negative,,
卫生有待加强，被子看起来也没换过，这么便宜性价比很高，店主比较热情，个人感觉还不错，周边就有公交车站和地铁站很方便 ,店主,positive,卫生,negative,性价比,positive,卫生间,negative,被子,negative,,
卫生有待加强，被子看起来也没换过，这么便宜性价比很高，店主比较热情，周边就有公交车站和地铁站很方便，个人感觉还不错 ,店主,positive,卫生,negative,性价比,positive,卫生间,negative,被子,negative,,
卫生有待加强，被子看起来也没换过，这么便宜性价比很高，周边就有公交车站和地铁站很方便，个人感觉还不错，店主比较热情 ,店主,positive,卫生,negative,性价比,positive,卫生间,negative,被子,negative,,
卫生有待加强，被子看起来也没换过，这么便宜性价比很高，周边就有公交车站和地铁站很方便，店主比较热情，个人感觉还不错 ,店主,positive,卫生,negative,性价比,positive,卫生间,negative,被子,negative,,
房间很舒服，宽敞干净，床很大很软，客厅很有品味，提供的早餐不好吃，缺点就是住宿的价格有些小高，而且某些生活必需品也不提供 ,房间,positive,早餐,negative,床,positive,客厅,positive,价格,negative,,
房间很舒服，宽敞干净，床很大很软，客厅很有品味，缺点就是住宿的价格有些小高，而且某些生活必需品也不提供，提供的早餐不好吃 ,房间,positive,早餐,negative,床,positive,客厅,positive,价格,negative,,
房间很舒服，宽敞干净，缺点就是住宿的价格有些小高，而且某些生活必需品也不提供，床很大很软，提供的早餐不好吃，客厅很有品味 ,房间,positive,早餐,negative,床,positive,客厅,positive,价格,negative,,
房间很舒服，宽敞干净，缺点就是住宿的价格有些小高，而且某些生活必需品也不提供，客厅很有品味，床很大很软，提供的早餐不好吃 ,房间,positive,早餐,negative,床,positive,客厅,positive,价格,negative,,
房间很舒服，宽敞干净，缺点就是住宿的价格有些小高，而且某些生活必需品也不提供，客厅很有品味，提供的早餐不好吃，床很大很软 ,房间,positive,早餐,negative,床,positive,客厅,positive,价格,negative,,
房间很舒服，宽敞干净，缺点就是住宿的价格有些小高，而且某些生活必需品也不提供，提供的早餐不好吃，床很大很软，客厅很有品味 ,房间,positive,早餐,negative,床,positive,客厅,positive,价格,negative,,
房间很舒服，宽敞干净，缺点就是住宿的价格有些小高，而且某些生活必需品也不提供，提供的早餐不好吃，客厅很有品味，床很大很软 ,房间,positive,早餐,negative,床,positive,客厅,positive,价格,negative,,
床很大很软，房间很舒服，宽敞干净，客厅很有品味，提供的早餐不好吃，缺点就是住宿的价格有些小高，而且某些生活必需品也不提供 ,房间,positive,早餐,negative,床,positive,客厅,positive,价格,negative,,
床很大很软，房间很舒服，宽敞干净，客厅很有品味，缺点就是住宿的价格有些小高，而且某些生活必需品也不提供，提供的早餐不好吃 ,房间,positive,早餐,negative,床,positive,客厅,positive,价格,negative,,
床很大很软，房间很舒服，宽敞干净，提供的早餐不好吃，客厅很有品味，缺点就是住宿的价格有些小高，而且某些生活必需品也不提供 ,房间,positive,早餐,negative,床,positive,客厅,positive,价格,negative,,
床很大很软，房间很舒服，宽敞干净，提供的早餐不好吃，缺点就是住宿的价格有些小高，而且某些生活必需品也不提供，客厅很有品味 ,房间,positive,早餐,negative,床,positive,客厅,positive,价格,negative,,
床很大很软，房间很舒服，宽敞干净，缺点就是住宿的价格有些小高，而且某些生活必需品也不提供，客厅很有品味，提供的早餐不好吃 ,房间,positive,早餐,negative,床,positive,客厅,positive,价格,negative,,
床很大很软，房间很舒服，宽敞干净，缺点就是住宿的价格有些小高，而且某些生活必需品也不提供，提供的早餐不好吃，客厅很有品味 ,房间,positive,早餐,negative,床,positive,客厅,positive,价格,negative,,
床很大很软，客厅很有品味，房间很舒服，宽敞干净，提供的早餐不好吃，缺点就是住宿的价格有些小高，而且某些生活必需品也不提供 ,房间,positive,早餐,negative,床,positive,客厅,positive,价格,negative,,
床很大很软，客厅很有品味，房间很舒服，宽敞干净，缺点就是住宿的价格有些小高，而且某些生活必需品也不提供，提供的早餐不好吃 ,房间,positive,早餐,negative,床,positive,客厅,positive,价格,negative,,
床很大很软，客厅很有品味，提供的早餐不好吃，房间很舒服，宽敞干净，缺点就是住宿的价格有些小高，而且某些生活必需品也不提供 ,房间,positive,早餐,negative,床,positive,客厅,positive,价格,negative,,
床很大很软，缺点就是住宿的价格有些小高，而且某些生活必需品也不提供，客厅很有品味，提供的早餐不好吃，房间很舒服，宽敞干净 ,房间,positive,早餐,negative,床,positive,客厅,positive,价格,negative,,
床很大很软，缺点就是住宿的价格有些小高，而且某些生活必需品也不提供，提供的早餐不好吃，房间很舒服，宽敞干净，客厅很有品味 ,房间,positive,早餐,negative,床,positive,客厅,positive,价格,negative,,
床很大很软，缺点就是住宿的价格有些小高，而且某些生活必需品也不提供，提供的早餐不好吃，客厅很有品味，房间很舒服，宽敞干净 ,房间,positive,早餐,negative,床,positive,客厅,positive,价格,negative,,
客厅很有品味，房间很舒服，宽敞干净，床很大很软，提供的早餐不好吃，缺点就是住宿的价格有些小高，而且某些生活必需品也不提供 ,房间,positive,早餐,negative,床,positive,客厅,positive,价格,negative,,
客厅很有品味，房间很舒服，宽敞干净，床很大很软，缺点就是住宿的价格有些小高，而且某些生活必需品也不提供，提供的早餐不好吃 ,房间,positive,早餐,negative,床,positive,客厅,positive,价格,negative,,
缺点就是住宿的价格有些小高，而且某些生活必需品也不提供，提供的早餐不好吃，床很大很软，房间很舒服，宽敞干净，客厅很有品味 ,房间,positive,早餐,negative,床,positive,客厅,positive,价格,negative,,
缺点就是住宿的价格有些小高，而且某些生活必需品也不提供，提供的早餐不好吃，床很大很软，客厅很有品味，房间很舒服，宽敞干净 ,房间,positive,早餐,negative,床,positive,客厅,positive,价格,negative,,
缺点就是住宿的价格有些小高，而且某些生活必需品也不提供，提供的早餐不好吃，客厅很有品味，房间很舒服，宽敞干净，床很大很软 ,房间,positive,早餐,negative,床,positive,客厅,positive,价格,negative,,
缺点就是住宿的价格有些小高，而且某些生活必需品也不提供，提供的早餐不好吃，客厅很有品味，床很大很软，房间很舒服，宽敞干净 ,房间,positive,早餐,negative,床,positive,客厅,positive,价格,negative,,